rank,name,deck_freq,copies,winrate,play_time,play_freq,play_winrate
0,Coldlight Oracle,0.136,1.900,0.512,380000,0.016,0.593
1,Jade Idol,0.059,1.800,0.576,220000,0.010,0.601
2,Kingsbane,0.056,1.000,0.540,200000,0.009,0.603
3,Wild Growth,0.114,2.000,0.567,190000,0.008,0.563
4,Swipe,0.116,1.900,0.566,180000,0.008,0.568
5,Doomsayer,0.164,1.400,0.529,180000,0.008,0.500
6,Fireball,0.080,1.800,0.578,180000,0.008,0.631
7,Shadow Visions,0.106,1.800,0.542,170000,0.007,0.532
8,Nourish,0.116,1.900,0.567,160000,0.007,0.576
9,Frostbolt,0.084,1.800,0.571,150000,0.006,0.499
10,Jade Claws,0.108,2.000,0.620,140000,0.006,0.563
11,Wrath,0.081,1.900,0.561,130000,0.006,0.544
12,Mana Wyrm,0.066,1.900,0.592,130000,0.006,0.542
13,Branching Paths,0.100,1.700,0.570,130000,0.006,0.585
14,Deadly Poison,0.078,2.000,0.544,130000,0.005,0.595
15,Flametongue Totem,0.102,2.000,0.628,130000,0.005,0.591
16,Maelstrom Portal,0.120,1.900,0.601,120000,0.005,0.510
17,Oaken Summons,0.073,2.000,0.579,120000,0.005,0.584
18,Arcane Intellect,0.092,1.700,0.557,120000,0.005,0.489
19,Stonehill Defender,0.081,1.600,0.533,120000,0.005,0.464
20,Primordial Glyph,0.069,1.700,0.552,120000,0.005,0.503
21,Lesser Jasper Spellstone,0.082,1.900,0.579,120000,0.005,0.575
22,Shadowstep,0.082,1.900,0.519,120000,0.005,0.570
23,Saronite Chain Gang,0.073,1.700,0.510,120000,0.005,0.485
24,Cavern Shinyfinder,0.062,1.900,0.537,110000,0.005,0.582
25,Sap,0.090,1.800,0.529,110000,0.005,0.531
26,Tar Creeper,0.081,1.600,0.540,110000,0.005,0.463
27,Totem Golem,0.092,2.000,0.633,110000,0.005,0.555
28,Jade Lightning,0.106,2.000,0.622,110000,0.005,0.548
29,Ferocious Howl,0.072,1.800,0.561,110000,0.005,0.571
30,Spreading Plague,0.099,1.900,0.574,110000,0.005,0.524
31,Sorcerer's Apprentice,0.064,1.700,0.566,110000,0.005,0.575
32,Arcanologist,0.067,1.800,0.581,110000,0.005,0.550
33,Shadow Word: Pain,0.082,1.700,0.537,110000,0.005,0.504
34,Preparation,0.081,1.800,0.532,110000,0.005,0.556
35,Backstab,0.073,1.800,0.528,110000,0.005,0.502
36,Righteous Protector,0.069,2.000,0.607,110000,0.005,0.522
37,Fire Fly,0.079,1.900,0.587,100000,0.005,0.506
38,Thing from Below,0.090,2.000,0.636,100000,0.005,0.563
39,Mad Scientist,0.076,1.700,0.574,100000,0.005,0.546
40,Jade Blossom,0.062,1.900,0.579,100000,0.004,0.582
41,Murkspark Eel,0.083,2.000,0.643,100000,0.004,0.581
42,Devolve,0.116,1.800,0.601,100000,0.004,0.455
43,Explosive Runes,0.057,1.900,0.594,100000,0.004,0.562
44,Elven Minstrel,0.075,1.800,0.537,100000,0.004,0.565
45,Spellbreaker,0.170,1.300,0.595,100000,0.004,0.477
46,Kobold Librarian,0.078,1.400,0.553,100000,0.004,0.530
47,Sludge Belcher,0.089,1.300,0.530,100000,0.004,0.514
48,Dire Wolf Alpha,0.083,1.900,0.636,100000,0.004,0.548
49,Counterspell,0.060,1.800,0.588,98000,0.004,0.557
50,Shadow Essence,0.056,2.000,0.555,97000,0.004,0.567
51,Deathlord,0.072,1.400,0.520,97000,0.004,0.502
52,Emperor Thaurissan,0.123,1.000,0.516,96000,0.004,0.598
53,Fan of Knives,0.073,1.700,0.529,91000,0.004,0.494
54,Vanish,0.077,1.900,0.521,91000,0.004,0.534
55,Loot Hoarder,0.060,1.700,0.495,90000,0.004,0.490
56,Tinker's Sharpsword Oil,0.057,1.900,0.541,90000,0.004,0.653
57,Brann Bronzebeard,0.127,1.000,0.524,90000,0.004,0.573
58,Jade Spirit,0.059,1.900,0.577,89000,0.004,0.545
59,Ultimate Infestation,0.103,1.800,0.576,87000,0.004,0.655
60,Malfurion the Pestilent,0.103,1.000,0.574,86000,0.004,0.591
61,Northshire Cleric,0.049,1.700,0.528,85000,0.004,0.471
62,Ironwood Golem,0.069,2.000,0.580,85000,0.004,0.539
63,Mistress of Mixtures,0.077,1.200,0.534,85000,0.004,0.522
64,Eternal Servitude,0.060,1.900,0.549,85000,0.004,0.638
65,Kirin Tor Mage,0.050,1.900,0.605,85000,0.004,0.561
66,Flamewreathed Faceless,0.080,2.000,0.635,84000,0.004,0.534
67,Acolyte of Pain,0.066,1.600,0.494,84000,0.004,0.476
68,Spirit Lash,0.074,1.600,0.545,82000,0.003,0.517
69,Leeching Poison,0.056,1.900,0.541,82000,0.003,0.594
70,Dirty Rat,0.085,1.100,0.525,82000,0.003,0.520
71,Rotten Applebaum,0.071,1.300,0.509,81000,0.003,0.498
72,Hellfire,0.091,1.400,0.548,81000,0.003,0.524
73,Shadow Word: Death,0.094,1.300,0.534,80000,0.003,0.486
74,The Lich King,0.137,1.000,0.555,80000,0.003,0.547
75,Resurrect,0.053,1.900,0.555,80000,0.003,0.641
76,Jade Behemoth,0.048,2.000,0.591,80000,0.003,0.579
77,Animal Companion,0.048,1.800,0.581,79000,0.003,0.490
78,Aya Blackpaw,0.136,1.000,0.612,78000,0.003,0.590
79,Kazakus,0.081,1.000,0.546,78000,0.003,0.571
80,Power Word: Shield,0.044,1.700,0.520,77000,0.003,0.479
81,Voidcaller,0.068,1.300,0.558,76000,0.003,0.577
82,Piloted Shredder,0.076,1.700,0.598,76000,0.003,0.508
83,Medivh's Valet,0.047,1.900,0.603,75000,0.003,0.572
84,Forgotten Torch,0.046,1.800,0.578,75000,0.003,0.514
85,Sea Giant,0.081,1.900,0.639,75000,0.003,0.544
86,Defile,0.093,1.400,0.549,75000,0.003,0.517
87,Hex,0.070,1.700,0.517,75000,0.003,0.458
88,Barnes,0.078,1.000,0.557,74000,0.003,0.625
89,Bloodmage Thalnos,0.101,1.000,0.532,74000,0.003,0.516
90,Knife Juggler,0.059,1.600,0.617,72000,0.003,0.505
91,Lost in the Jungle,0.048,2.000,0.622,72000,0.003,0.521
92,Eviscerate,0.048,1.800,0.514,71000,0.003,0.500
93,Crackle,0.074,2.000,0.636,71000,0.003,0.550
94,Ice Block,0.072,1.400,0.544,70000,0.003,0.439
95,Antique Healbot,0.087,1.200,0.522,70000,0.003,0.509
96,Poison Seeds,0.067,1.800,0.573,68000,0.003,0.527
97,Sylvanas Windrunner,0.101,1.000,0.535,67000,0.003,0.565
98,Novice Engineer,0.037,1.800,0.499,67000,0.003,0.500
99,Blizzard,0.050,1.500,0.509,67000,0.003,0.462
100,Muster for Battle,0.048,1.900,0.619,65000,0.003,0.531
101,Naturalize,0.044,1.800,0.526,64000,0.003,0.519
102,Excavated Evil,0.053,1.700,0.551,63000,0.003,0.492
103,Reno Jackson,0.116,1.000,0.529,63000,0.003,0.560
104,Lightning Storm,0.053,1.600,0.494,63000,0.003,0.433
105,Kabal Crystal Runner,0.038,1.900,0.611,62000,0.003,0.579
106,Fungalmancer,0.072,1.800,0.614,61000,0.003,0.563
107,Plated Beetle,0.044,1.500,0.510,61000,0.003,0.491
108,Loatheb,0.095,1.000,0.559,61000,0.003,0.553
109,Swashburglar,0.039,1.900,0.554,60000,0.003,0.496
110,Psychic Scream,0.081,1.600,0.549,60000,0.003,0.538
111,"N'Zoth, the Corruptor",0.133,1.000,0.528,58000,0.002,0.612
112,Lifedrinker,0.036,1.700,0.496,58000,0.002,0.510
113,Despicable Dreadlord,0.063,1.200,0.557,58000,0.002,0.554
114,Twilight Drake,0.041,1.600,0.556,56000,0.002,0.511
115,Glacial Shard,0.038,1.600,0.522,56000,0.002,0.471
116,Netherspite Historian,0.034,1.900,0.552,56000,0.002,0.498
117,Eaglehorn Bow,0.045,1.800,0.583,56000,0.002,0.507
118,Obsidian Statue,0.067,1.800,0.545,55000,0.002,0.522
119,Arcane Missiles,0.023,1.800,0.557,55000,0.002,0.463
120,Shadow Word: Horror,0.054,1.700,0.555,55000,0.002,0.558
121,Gang Up,0.046,1.600,0.503,55000,0.002,0.596
122,Southsea Deckhand,0.045,2.000,0.596,55000,0.002,0.536
123,Zola the Gorgon,0.093,1.000,0.509,54000,0.002,0.588
124,Duskbreaker,0.038,1.900,0.544,54000,0.002,0.483
125,Ragnaros the Firelord,0.088,1.000,0.553,54000,0.002,0.591
126,Mana Tide Totem,0.044,1.600,0.504,54000,0.002,0.488
127,Argent Squire,0.040,1.900,0.613,54000,0.002,0.511
128,Drakonid Operative,0.033,1.800,0.553,53000,0.002,0.514
129,Polymorph,0.039,1.300,0.513,51000,0.002,0.433
130,Mountain Giant,0.041,1.400,0.558,51000,0.002,0.579
131,Lesser Amethyst Spellstone,0.044,1.700,0.549,50000,0.002,0.510
132,Darkbomb,0.056,1.100,0.556,50000,0.002,0.550
133,Frost Nova,0.029,1.700,0.493,50000,0.002,0.470
134,Vilespine Slayer,0.057,1.600,0.565,50000,0.002,0.502
135,Flamestrike,0.041,1.300,0.513,50000,0.002,0.422
136,Shudderwock,0.054,1.000,0.489,50000,0.002,0.770
137,Doomerang,0.050,1.500,0.547,49000,0.002,0.612
138,Azure Drake,0.046,1.500,0.542,49000,0.002,0.505
139,Kill Command,0.033,1.900,0.580,48000,0.002,0.497
140,Kabal Lackey,0.036,1.400,0.609,48000,0.002,0.549
141,Warpath,0.015,1.800,0.482,48000,0.002,0.470
142,SI:7 Agent,0.041,1.900,0.586,48000,0.002,0.509
143,Firelands Portal,0.035,1.500,0.553,47000,0.002,0.496
144,Primordial Drake,0.050,1.400,0.515,46000,0.002,0.496
145,Innervate,0.036,1.500,0.566,46000,0.002,0.563
146,Volcano,0.049,1.700,0.487,46000,0.002,0.407
147,Gnomeferatu,0.042,1.100,0.546,46000,0.002,0.544
148,Awaken the Makers,0.029,1.000,0.506,45000,0.002,0.456
149,Twilight's Call,0.029,1.700,0.504,45000,0.002,0.560
150,Wandering Monster,0.037,1.700,0.578,45000,0.002,0.482
151,Bloodreaver Gul'dan,0.098,1.000,0.554,45000,0.002,0.647
152,Carnivorous Cube,0.053,1.600,0.518,45000,0.002,0.623
153,Voidlord,0.079,1.300,0.549,44000,0.002,0.569
154,Babbling Book,0.023,1.600,0.513,44000,0.002,0.464
155,Siphon Soul,0.065,1.100,0.547,44000,0.002,0.533
156,Valeera the Hollow,0.073,1.000,0.523,43000,0.002,0.604
157,Lesser Diamond Spellstone,0.058,1.900,0.551,43000,0.002,0.599
158,Flanking Strike,0.034,1.800,0.583,43000,0.002,0.480
159,Goblin Auto-Barber,0.020,1.700,0.561,43000,0.002,0.613
160,Blink Fox,0.028,1.900,0.522,42000,0.002,0.475
161,Hench-Clan Thug,0.035,2.000,0.605,42000,0.002,0.561
162,Blessing of Might,0.035,1.900,0.613,42000,0.002,0.545
163,Acidic Swamp Ooze,0.049,1.100,0.526,42000,0.002,0.451
164,Mortal Coil,0.038,1.300,0.543,42000,0.002,0.498
165,Shielded Minibot,0.028,2.000,0.599,42000,0.002,0.516
166,Arcane Artificer,0.024,1.500,0.505,40000,0.002,0.470
167,Call to Arms,0.030,1.900,0.594,40000,0.002,0.508
168,Skulking Geist,0.061,1.000,0.512,40000,0.002,0.557
169,Flamewaker,0.018,1.900,0.570,40000,0.002,0.513
170,Candleshot,0.033,1.600,0.564,40000,0.002,0.500
171,Voidwalker,0.018,1.800,0.554,40000,0.002,0.463
172,Silence,0.048,1.100,0.558,40000,0.002,0.517
173,Dragonfire Potion,0.048,1.300,0.537,39000,0.002,0.475
174,Murmuring Elemental,0.034,1.500,0.479,39000,0.002,0.541
175,Explosive Trap,0.031,1.700,0.570,39000,0.002,0.427
176,Haunted Creeper,0.030,1.900,0.600,39000,0.002,0.510
177,Dire Mole,0.030,1.900,0.587,39000,0.002,0.501
178,Ironbeak Owl,0.055,1.400,0.595,39000,0.002,0.419
179,Far Sight,0.029,1.600,0.480,39000,0.002,0.481
180,Divine Favor,0.053,1.700,0.611,38000,0.002,0.467
181,Kun the Forgotten King,0.050,1.000,0.572,38000,0.002,0.740
182,Lesser Emerald Spellstone,0.029,1.900,0.588,38000,0.002,0.532
183,Freezing Trap,0.034,1.600,0.579,37000,0.002,0.476
184,Tracking,0.029,1.700,0.569,37000,0.002,0.483
185,Unleash the Hounds,0.036,1.600,0.571,36000,0.002,0.409
186,Vulgar Homunculus,0.025,1.600,0.558,36000,0.002,0.502
187,Cobalt Scalebane,0.039,1.500,0.566,36000,0.002,0.499
188,Healing Rain,0.041,1.600,0.484,36000,0.002,0.456
189,Cold Blood,0.036,2.000,0.602,36000,0.002,0.607
190,Fal'dorei Strider,0.020,1.700,0.523,36000,0.002,0.525
191,Gluttonous Ooze,0.056,1.000,0.514,35000,0.001,0.522
192,Mind Blast,0.027,1.900,0.527,35000,0.001,0.756
193,Greater Healing Potion,0.057,1.200,0.554,35000,0.001,0.484
194,Unidentified Maul,0.029,1.800,0.633,35000,0.001,0.525
195,Level Up!,0.033,1.900,0.632,34000,0.001,0.590
196,Shield Block,0.020,1.900,0.468,34000,0.001,0.450
197,Faceless Manipulator,0.039,1.300,0.531,34000,0.001,0.612
198,Frost Lich Jaina,0.039,1.000,0.513,33000,0.001,0.554
199,Blessing of Kings,0.026,1.800,0.586,33000,0.001,0.505
200,Holy Smite,0.022,1.800,0.529,33000,0.001,0.538
201,Ice Barrier,0.021,1.400,0.494,33000,0.001,0.444
202,Dark Pact,0.031,1.700,0.535,32000,0.001,0.551
203,Aviana,0.044,1.000,0.566,32000,0.001,0.759
204,Fandral Staghelm,0.052,1.000,0.594,32000,0.001,0.608
205,Deathstalker Rexxar,0.049,1.000,0.566,32000,0.001,0.440
206,Mirror Entity,0.015,1.500,0.574,32000,0.001,0.474
207,Mass Dispel,0.039,1.100,0.535,32000,0.001,0.486
208,Steward of Darkshire,0.025,1.900,0.626,32000,0.001,0.531
209,Mirror Image,0.010,1.500,0.512,32000,0.001,0.383
210,Murloc Warleader,0.018,1.900,0.584,31000,0.001,0.530
211,Hallucination,0.020,1.800,0.486,31000,0.001,0.440
212,Potion of Madness,0.033,1.400,0.521,31000,0.001,0.494
213,Genn Greymane,0.101,1.000,0.628,31000,0.001,0.433
214,Consecration,0.026,1.600,0.536,30000,0.001,0.426
215,Vicious Fledgling,0.022,1.800,0.587,30000,0.001,0.505
216,Cinderstorm,0.016,1.700,0.559,30000,0.001,0.488
217,Crackling Razormaw,0.014,1.900,0.592,30000,0.001,0.501
218,Cabalist's Tome,0.018,1.400,0.490,30000,0.001,0.486
219,Lightbomb,0.054,1.100,0.541,30000,0.001,0.461
220,Murloc Tidecaller,0.014,1.900,0.582,30000,0.001,0.496
221,Mind Control Tech,0.036,1.200,0.516,30000,0.001,0.454
222,Execute,0.021,1.900,0.468,30000,0.001,0.436
223,Ice Lance,0.021,1.500,0.581,29000,0.001,0.537
224,Blood Razor,0.019,1.800,0.483,29000,0.001,0.480
225,Radiant Elemental,0.019,1.800,0.517,29000,0.001,0.471
226,Hunter's Mark,0.030,1.600,0.559,29000,0.001,0.427
227,Potion of Polymorph,0.025,1.300,0.592,29000,0.001,0.539
228,Twisting Nether,0.069,1.100,0.546,29000,0.001,0.495
229,Rallying Blade,0.034,1.500,0.612,29000,0.001,0.525
230,Entomb,0.032,1.300,0.507,29000,0.001,0.501
231,Living Roots,0.020,1.900,0.561,28000,0.001,0.588
232,"Grumble, Worldshaker",0.036,1.000,0.480,28000,0.001,0.586
233,Southsea Squidface,0.016,1.700,0.509,28000,0.001,0.571
234,Avenge,0.020,1.800,0.608,28000,0.001,0.527
235,Twilight Whelp,0.017,1.800,0.565,28000,0.001,0.500
236,Phantom Militia,0.007,1.700,0.476,28000,0.001,0.426
237,Explosive Sheep,0.022,1.600,0.533,27000,0.001,0.548
238,Aluneth,0.046,1.000,0.605,27000,0.001,0.604
239,Prince Keleseth,0.028,1.000,0.542,27000,0.001,0.535
240,Holy Nova,0.018,1.400,0.495,27000,0.001,0.414
241,Shimmering Tempest,0.012,1.500,0.479,27000,0.001,0.401
242,Divine Spirit,0.015,1.900,0.524,27000,0.001,0.560
243,Crystalline Oracle,0.017,1.500,0.464,27000,0.001,0.442
244,Stitched Tracker,0.022,1.600,0.527,27000,0.001,0.490
245,Twilight Guardian,0.019,1.700,0.544,27000,0.001,0.476
246,Kabal Talonpriest,0.018,1.800,0.566,26000,0.001,0.530
247,Southsea Captain,0.028,2.000,0.605,26000,0.001,0.552
248,Pick Pocket,0.013,1.400,0.468,26000,0.001,0.425
249,Rockpool Hunter,0.013,1.900,0.589,26000,0.001,0.510
250,Ancestral Knowledge,0.029,1.400,0.541,26000,0.001,0.470
251,Nerubian Egg,0.019,1.900,0.589,26000,0.001,0.504
252,Shadowreaper Anduin,0.043,1.000,0.519,26000,0.001,0.530
253,Molten Reflection,0.017,1.900,0.483,25000,0.001,0.722
254,Beckoner of Evil,0.013,1.800,0.470,25000,0.001,0.416
255,Cat Trick,0.019,1.800,0.589,25000,0.001,0.537
256,Meteor,0.023,1.200,0.526,25000,0.001,0.502
257,Flame Imp,0.015,1.900,0.563,25000,0.001,0.498
258,Brawl,0.021,1.800,0.451,25000,0.001,0.422
259,Lord Godfrey,0.056,1.000,0.549,25000,0.001,0.571
260,Undercity Huckster,0.016,1.800,0.490,25000,0.001,0.452
261,Quartermaster,0.024,1.900,0.629,25000,0.001,0.636
262,Primalfin Totem,0.021,1.500,0.615,24000,0.001,0.502
263,Blade Flurry,0.047,1.200,0.546,24000,0.001,0.546
264,Disciple of C'Thun,0.015,1.800,0.485,24000,0.001,0.453
265,Leeroy Jenkins,0.071,1.000,0.596,24000,0.001,0.660
266,Buccaneer,0.020,1.900,0.609,24000,0.001,0.569
267,Baleful Banker,0.034,1.100,0.491,24000,0.001,0.528
268,Possessed Lackey,0.020,1.600,0.539,24000,0.001,0.544
269,Mal'Ganis,0.061,1.000,0.556,24000,0.001,0.644
270,Shadow Ascendant,0.013,1.800,0.535,24000,0.001,0.468
271,Acherus Veteran,0.017,1.800,0.611,24000,0.001,0.519
272,Savannah Highmane,0.024,1.800,0.577,23000,0.001,0.506
273,"Y'Shaarj, Rage Unbound",0.059,1.000,0.564,23000,0.001,0.619
274,Bluegill Warrior,0.013,1.900,0.552,23000,0.001,0.454
275,Inner Fire,0.015,1.800,0.525,23000,0.001,0.557
276,Dr. Boom,0.040,1.000,0.576,23000,0.001,0.535
277,Sunkeeper Tarim,0.033,1.000,0.595,23000,0.001,0.547
278,Sir Finley Mrrgglton,0.029,1.000,0.563,23000,0.001,0.503
279,Witchwood Piper,0.021,1.500,0.485,23000,0.001,0.498
280,Gadgetzan Auctioneer,0.023,1.600,0.541,22000,0.001,0.539
281,Water Elemental,0.010,1.600,0.505,22000,0.001,0.412
282,Moonfire,0.015,2.000,0.554,22000,0.001,0.656
283,Fire Elemental,0.028,1.400,0.622,22000,0.001,0.498
284,Houndmaster,0.014,1.900,0.588,22000,0.001,0.485
285,Lightning Bolt,0.015,1.800,0.530,22000,0.001,0.485
286,Hydrologist,0.012,1.800,0.565,22000,0.001,0.465
287,Captain Greenskin,0.023,1.000,0.550,22000,0.001,0.638
288,Wild Pyromancer,0.020,1.700,0.505,21000,0.001,0.440
289,"Rin, the First Disciple",0.022,1.000,0.545,21000,0.001,0.520
290,Unstable Portal,0.006,1.600,0.550,21000,0.001,0.447
291,Deadly Shot,0.019,1.300,0.552,21000,0.001,0.390
292,Equality,0.022,1.600,0.535,21000,0.001,0.418
293,Scavenging Hyena,0.010,1.900,0.581,21000,0.001,0.455
294,Shield Slam,0.016,1.800,0.453,21000,0.001,0.485
295,Mirage Caller,0.018,1.800,0.523,21000,0.001,0.687
296,Skull of the Man'ari,0.022,1.000,0.551,21000,0.001,0.593
297,Jeweled Macaw,0.008,1.800,0.546,20000,0.001,0.425
298,Demonwrath,0.030,1.100,0.550,20000,0.001,0.527
299,Hagatha the Witch,0.040,1.000,0.547,20000,0.001,0.474
300,Volcanic Potion,0.019,1.100,0.516,20000,0.001,0.453
301,Warhorse Trainer,0.019,1.900,0.629,20000,0.001,0.556
302,Tortollan Shellraiser,0.012,1.300,0.491,20000,0.001,0.441
303,Shadowflame,0.036,1.000,0.555,20000,0.001,0.565
304,Shiv,0.016,1.600,0.523,20000,0.001,0.504
305,Azalina Soulthief,0.030,1.000,0.563,20000,0.001,0.698
306,Doomguard,0.040,1.700,0.558,20000,0.001,0.527
307,Doppelgangster,0.019,1.500,0.507,20000,0.001,0.519
308,Sound the Bells!,0.005,1.700,0.470,19000,0.001,0.475
309,C'Thun's Chosen,0.014,1.800,0.485,19000,0.001,0.462
310,Arcane Tyrant,0.013,1.700,0.573,19000,0.001,0.560
311,Spiritsinger Umbra,0.029,1.000,0.522,19000,0.001,0.549
312,Open the Waygate,0.011,1.000,0.474,19000,0.001,0.432
313,Twilight Elder,0.011,1.800,0.489,19000,0.001,0.440
314,Evolve,0.012,1.700,0.531,19000,0.001,0.514
315,Hooked Reaver,0.016,1.600,0.563,19000,0.001,0.477
316,Arcane Keysmith,0.013,1.300,0.528,19000,0.001,0.492
317,Raid Leader,0.015,1.900,0.629,19000,0.001,0.505
318,Free From Amber,0.017,1.500,0.528,19000,0.001,0.478
319,Vinecleaver,0.032,1.400,0.631,18000,0.001,0.492
320,Noble Sacrifice,0.012,1.900,0.597,18000,0.001,0.461
321,King Togwaggle,0.028,1.000,0.573,18000,0.001,0.742
322,Blackwing Corruptor,0.015,1.700,0.569,18000,0.001,0.518
323,Polluted Hoarder,0.013,1.900,0.543,18000,0.001,0.596
324,Competitive Spirit,0.020,1.300,0.620,18000,0.001,0.570
325,Alleycat,0.010,1.900,0.580,18000,0.001,0.476
326,Secretkeeper,0.012,1.900,0.599,18000,0.001,0.532
327,Tunnel Trogg,0.012,1.900,0.566,18000,0.001,0.536
328,Flame Geyser,0.003,1.600,0.492,18000,0.001,0.441
329,Frothing Berserker,0.016,1.900,0.540,18000,0.001,0.480
330,Shadow Bolt,0.019,1.100,0.534,18000,0.001,0.465
331,Brrrloc,0.011,1.500,0.500,18000,0.001,0.446
332,Wyrmrest Agent,0.011,1.700,0.579,18000,0.001,0.493
333,Duplicate,0.013,1.200,0.548,18000,0.001,0.498
334,Archmage Antonidas,0.024,1.000,0.510,18000,0.001,0.697
335,Jade Chieftain,0.016,1.800,0.542,18000,0.001,0.573
336,Drywhisker Armorer,0.012,1.900,0.441,18000,0.001,0.472
337,Youthful Brewmaster,0.018,1.400,0.463,18000,0.001,0.477
338,Dragon's Fury,0.015,1.400,0.513,17000,0.001,0.443
339,Counterfeit Coin,0.014,1.700,0.517,17000,0.001,0.526
340,Draenei Totemcarver,0.020,1.700,0.627,17000,0.001,0.554
341,Slam,0.012,1.700,0.480,17000,0.001,0.447
342,Kabal Courier,0.013,1.100,0.533,17000,0.001,0.472
343,Truesilver Champion,0.012,1.600,0.547,17000,0.001,0.461
344,Murloc Tidehunter,0.007,1.900,0.539,17000,0.001,0.421
345,Dark Peddler,0.013,1.400,0.578,17000,0.001,0.522
346,Argent Horserider,0.018,1.800,0.618,17000,0.001,0.526
347,Keeper of Uldaman,0.018,1.600,0.610,16000,0.001,0.509
348,Cheap Shot,0.006,1.400,0.450,16000,0.001,0.380
349,Annoy-o-Tron,0.010,1.600,0.551,16000,0.001,0.429
350,Simulacrum,0.012,1.200,0.493,16000,0.001,0.567
351,Coldlight Seer,0.011,1.800,0.591,16000,0.001,0.497
352,Voodoo Doll,0.020,1.200,0.515,16000,0.001,0.481
353,Faerie Dragon,0.011,1.800,0.507,16000,0.001,0.405
354,Grimscale Oracle,0.007,1.900,0.541,16000,0.001,0.451
355,Play Dead,0.020,1.700,0.537,16000,0.001,0.593
356,Starfall,0.014,1.400,0.523,16000,0.001,0.499
357,Malygos,0.025,1.000,0.532,16000,0.001,0.746
358,Ghost Light Angler,0.005,1.500,0.535,16000,0.001,0.390
359,Dancing Swords,0.008,1.900,0.465,16000,0.001,0.492
360,Bearshark,0.009,1.800,0.573,16000,0.001,0.476
361,Gentle Megasaur,0.011,1.800,0.593,16000,0.001,0.505
362,Mind Control,0.023,1.400,0.504,15000,0.001,0.518
363,Witchwood Grizzly,0.015,1.800,0.559,15000,0.001,0.452
364,Raven Familiar,0.009,1.500,0.522,15000,0.001,0.468
365,Twilight Acolyte,0.017,1.600,0.566,15000,0.001,0.485
366,Feral Spirit,0.010,1.700,0.543,15000,0.001,0.435
367,Soulfire,0.014,1.900,0.557,15000,0.001,0.484
368,Quick Shot,0.015,1.600,0.560,15000,0.001,0.485
369,Molten Giant,0.013,1.500,0.552,15000,0.001,0.533
370,Corridor Creeper,0.013,1.800,0.629,15000,0.001,0.514
371,Kindly Grandmother,0.009,1.900,0.577,15000,0.001,0.491
372,Thoughtsteal,0.009,1.400,0.450,15000,0.001,0.379
373,Scaleworm,0.012,1.600,0.546,15000,0.001,0.485
374,Alexstrasza,0.026,1.000,0.525,15000,0.001,0.578
375,C'Thun,0.021,1.000,0.479,15000,0.001,0.610
376,Dead Man's Hand,0.013,1.700,0.465,15000,0.001,0.548
377,Nightmare Amalgam,0.012,1.600,0.556,15000,0.001,0.457
378,Bone Drake,0.015,1.400,0.513,15000,0.001,0.476
379,Whirling Zap-o-matic,0.013,1.800,0.620,15000,0.001,0.541
380,Dark Iron Skulker,0.021,1.800,0.602,15000,0.001,0.479
381,Imp Gang Boss,0.012,1.600,0.556,14000,0.001,0.496
382,Defender of Argus,0.013,1.300,0.530,14000,0.001,0.468
383,Ysera,0.032,1.000,0.533,14000,0.001,0.535
384,Sunfury Protector,0.012,1.600,0.554,14000,0.001,0.486
385,Spiteful Summoner,0.011,1.900,0.555,14000,0.001,0.540
386,Tundra Rhino,0.010,1.600,0.552,14000,0.001,0.465
387,Power Overwhelming,0.016,1.500,0.557,14000,0.001,0.598
388,Power of the Wild,0.010,1.800,0.552,14000,0.001,0.519
389,Edwin VanCleef,0.018,1.000,0.557,14000,0.001,0.524
390,Prophet Velen,0.020,1.000,0.528,14000,0.001,0.756
391,Spikeridged Steed,0.011,1.700,0.525,14000,0.001,0.495
392,Lesser Ruby Spellstone,0.006,1.600,0.463,14000,0.001,0.409
393,Spectral Cutlass,0.012,1.800,0.492,14000,0.001,0.499
394,Blackwing Technician,0.009,1.700,0.561,14000,0.001,0.482
395,Evasion,0.016,1.300,0.534,14000,0.001,0.485
396,Pyros,0.011,1.000,0.528,14000,0.001,0.492
397,Cone of Cold,0.007,1.300,0.475,13000,0.001,0.442
398,Kor'kron Elite,0.014,2.000,0.541,13000,0.001,0.465
399,Flamecannon,0.005,1.400,0.542,13000,0.001,0.439
400,Forest Guide,0.008,1.900,0.495,13000,0.001,0.561
401,Death's Bite,0.015,1.800,0.516,13000,0.001,0.493
402,Cheat Death,0.011,1.600,0.477,13000,0.001,0.468
403,Mark of the Lotus,0.009,1.900,0.569,13000,0.001,0.575
404,Mire Keeper,0.011,1.600,0.571,13000,0.001,0.539
405,Eater of Secrets,0.018,1.000,0.498,13000,0.001,0.473
406,Gilded Gargoyle,0.013,1.200,0.535,13000,0.001,0.536
407,Servant of Kalimos,0.008,1.700,0.488,13000,0.001,0.452
408,Direhorn Hatchling,0.007,1.700,0.473,13000,0.001,0.446
409,Bloodsail Raider,0.012,2.000,0.555,13000,0.001,0.500
410,Elise the Trailblazer,0.017,1.000,0.493,13000,0.001,0.495
411,Malchezaar's Imp,0.008,2.000,0.554,13000,0.001,0.505
412,Lava Shock,0.010,1.600,0.477,13000,0.001,0.466
413,Arcane Giant,0.009,1.700,0.520,13000,0.001,0.553
414,Grimscale Chum,0.006,1.900,0.591,13000,0.001,0.478
415,Shifting Shade,0.010,1.300,0.456,13000,0.001,0.452
416,Pint-Size Potion,0.015,1.400,0.528,13000,0.001,0.511
417,Book Wyrm,0.012,1.500,0.568,12000,0.001,0.491
418,Corpsetaker,0.011,1.900,0.593,12000,0.001,0.496
419,Pyroblast,0.025,1.000,0.565,12000,0.001,0.624
420,Naga Corsair,0.008,1.600,0.539,12000,0.001,0.584
421,N'Zoth's First Mate,0.011,2.000,0.571,12000,0.001,0.546
422,Fire Plume's Heart,0.007,1.000,0.484,12000,0.001,0.417
423,Earth Shock,0.011,1.300,0.518,12000,0.001,0.444
424,Earthen Scales,0.010,1.600,0.548,12000,0.001,0.544
425,Arcane Shot,0.008,1.700,0.568,12000,0.001,0.431
426,"Medivh, the Guardian",0.017,1.000,0.543,12000,0.001,0.577
427,Armorsmith,0.007,1.800,0.467,12000,0.001,0.449
428,Crypt Lord,0.007,1.700,0.541,12000,0.001,0.459
429,Hunting Mastiff,0.003,1.300,0.491,12000,0.001,0.340
430,Cloaked Huntress,0.010,1.900,0.604,12000,0.001,0.534
431,Grove Tender,0.007,1.900,0.508,12000,0.001,0.531
432,Greedy Sprite,0.009,1.600,0.533,12000,0.001,0.489
433,Corrupting Mist,0.021,1.000,0.549,12000,0.001,0.484
434,Blazing Invocation,0.006,1.500,0.444,12000,0.001,0.422
435,Sandbinder,0.012,1.200,0.489,12000,0.001,0.507
436,Raven Idol,0.006,1.700,0.524,12000,0.001,0.482
437,Divine Hymn,0.012,1.500,0.511,12000,0.001,0.473
438,Velen's Chosen,0.007,1.800,0.546,12000,0.001,0.505
439,Earthen Might,0.009,1.900,0.586,12000,0.001,0.513
440,Witch's Apprentice,0.006,1.500,0.479,11000,0.001,0.409
441,Mind Vision,0.005,1.600,0.407,11000,0.001,0.346
442,Circle of Healing,0.010,1.600,0.501,11000,0.001,0.487
443,Dread Corsair,0.011,2.000,0.564,11000,0.001,0.480
444,Vilefin Inquisitor,0.006,1.800,0.590,11000,0.001,0.483
445,Demonfire,0.008,1.700,0.534,11000,0.001,0.458
446,To My Side!,0.007,1.800,0.602,11000,0.001,0.521
447,Dread Infernal,0.012,1.500,0.547,11000,0.001,0.493
448,Fire Plume Phoenix,0.007,1.700,0.527,11000,0.001,0.440
449,Ravaging Ghoul,0.008,1.700,0.475,11000,0.001,0.430
450,Clockwork Gnome,0.007,1.700,0.505,11000,0.001,0.451
451,Aldor Peacekeeper,0.009,1.600,0.544,11000,0.001,0.412
452,Breath of Sindragosa,0.004,1.600,0.498,11000,0.001,0.406
453,Kel'Thuzad,0.020,1.000,0.511,11000,0.001,0.596
454,Dire Frenzy,0.010,1.500,0.508,11000,0.001,0.470
455,Dark Arakkoa,0.008,1.900,0.528,11000,0.001,0.535
456,Ship's Cannon,0.010,2.000,0.576,11000,0.001,0.547
457,Stand Against Darkness,0.013,1.700,0.629,11000,0.001,0.408
458,Tomb Pillager,0.008,1.800,0.523,11000,0.001,0.506
459,Abyssal Enforcer,0.015,1.100,0.563,11000,0.001,0.545
460,Baku the Mooneater,0.069,1.000,0.607,10000,0.001,0.316
461,Bring It On!,0.007,1.700,0.481,10000,0.001,0.540
462,Fiery Bat,0.006,1.800,0.553,10000,0.001,0.462
463,Whirlwind,0.008,1.700,0.469,10000,0.000,0.410
464,Tirion Fordring,0.013,1.000,0.555,10000,0.000,0.474
465,Unidentified Elixir,0.005,1.600,0.478,10000,0.000,0.446
466,Old Murk-Eye,0.010,1.000,0.586,10000,0.000,0.521
467,Primalfin Lookout,0.005,1.700,0.584,10000,0.000,0.437
468,Mana Bind,0.004,1.300,0.485,10000,0.000,0.456
469,Burgle,0.009,1.600,0.482,10000,0.000,0.443
470,Savage Roar,0.010,1.900,0.562,10000,0.000,0.652
471,Face Collector,0.008,1.000,0.483,10000,0.000,0.436
472,Cutthroat Buccaneer,0.006,1.700,0.510,10000,0.000,0.535
473,Arcane Blast,0.005,1.500,0.544,10000,0.000,0.476
474,Battle Rage,0.009,1.600,0.477,10000,0.000,0.468
475,Upgrade!,0.010,2.000,0.559,10000,0.000,0.508
476,Nightscale Matriarch,0.009,1.400,0.512,10000,0.000,0.493
477,Vicious Scalehide,0.007,1.500,0.528,10000,0.000,0.435
478,Enchanted Raven,0.006,1.900,0.565,10000,0.000,0.474
479,Shroom Brewer,0.010,1.600,0.555,10000,0.000,0.505
480,Bonemare,0.009,1.400,0.534,10000,0.000,0.489
481,Ethereal Peddler,0.010,1.600,0.492,10000,0.000,0.531
482,Webspinner,0.004,1.800,0.514,10000,0.000,0.418
483,Frozen Clone,0.002,1.200,0.448,10000,0.000,0.383
484,Harrison Jones,0.018,1.000,0.507,9900,0.000,0.523
485,Wyrmguard,0.009,1.500,0.535,9900,0.000,0.439
486,Redemption,0.008,1.400,0.582,9800,0.000,0.493
487,King's Elekk,0.007,1.300,0.544,9800,0.000,0.482
488,Fiery War Axe,0.006,1.700,0.479,9800,0.000,0.379
489,Darkshire Councilman,0.007,1.800,0.564,9800,0.000,0.497
490,Timber Wolf,0.003,1.700,0.471,9800,0.000,0.376
491,Leyline Manipulator,0.007,1.400,0.463,9800,0.000,0.510
492,Unstable Evolution,0.008,1.300,0.511,9800,0.000,0.483
493,Mimic Pod,0.007,1.400,0.464,9700,0.000,0.423
494,Shifting Scroll,0.003,1.400,0.445,9700,0.000,0.381
495,Arcane Explosion,0.003,1.400,0.447,9700,0.000,0.340
496,Curious Glimmerroot,0.008,1.400,0.510,9600,0.000,0.476
497,Shadow Strike,0.009,1.300,0.487,9500,0.000,0.424
498,Prince Malchezaar,0.009,1.000,0.444,9500,0.000,0.387
499,"Yogg-Saron, Hope's End",0.019,1.000,0.490,9300,0.000,0.341
500,Zombie Chow,0.009,1.600,0.499,9300,0.000,0.483
501,Sen'jin Shieldmasta,0.002,1.400,0.416,9300,0.000,0.265
502,Sense Demons,0.009,1.200,0.539,9300,0.000,0.508
503,Kobold Illusionist,0.006,1.800,0.486,9300,0.000,0.512
504,Lava Burst,0.007,1.800,0.563,9200,0.000,0.526
505,Museum Curator,0.006,1.400,0.490,9200,0.000,0.456
506,Bloodlust,0.012,1.300,0.545,9200,0.000,0.674
507,Stormwind Champion,0.011,1.500,0.616,9100,0.000,0.470
508,The Curator,0.013,1.000,0.500,9100,0.000,0.470
509,Bilefin Tidehunter,0.004,1.700,0.525,9100,0.000,0.382
510,Unite the Murlocs,0.004,1.000,0.562,9100,0.000,0.506
511,Cabal Shadow Priest,0.010,1.400,0.513,9100,0.000,0.517
512,Archbishop Benedictus,0.013,1.000,0.465,9100,0.000,0.490
513,Vaporize,0.002,1.100,0.481,9000,0.000,0.356
514,Dark Possession,0.005,1.300,0.504,8900,0.000,0.442
515,Fire Plume Harbinger,0.007,1.200,0.459,8900,0.000,0.468
516,Seeping Oozeling,0.008,1.800,0.553,8900,0.000,0.576
517,Mechwarper,0.005,2.000,0.569,8800,0.000,0.475
518,Bloodsail Cultist,0.010,2.000,0.578,8800,0.000,0.566
519,Flare,0.012,1.100,0.546,8800,0.000,0.443
520,Squashling,0.003,1.400,0.460,8800,0.000,0.393
521,Devilsaur Egg,0.006,1.800,0.510,8800,0.000,0.455
522,Vex Crow,0.005,1.500,0.514,8800,0.000,0.415
523,Kathrena Winterwisp,0.017,1.000,0.570,8800,0.000,0.620
524,Marin the Fox,0.010,1.000,0.440,8800,0.000,0.426
525,Lone Champion,0.009,1.100,0.454,8700,0.000,0.400
526,Sleepy Dragon,0.010,1.500,0.499,8700,0.000,0.399
527,Raza the Chained,0.009,1.000,0.519,8600,0.000,0.537
528,Mysterious Challenger,0.007,1.900,0.615,8500,0.000,0.566
529,Heroic Strike,0.010,1.900,0.556,8400,0.000,0.471
530,Lyra the Sunshard,0.009,1.000,0.490,8400,0.000,0.444
531,Psionic Probe,0.004,1.500,0.396,8400,0.000,0.374
532,Stonetusk Boar,0.003,1.700,0.432,8400,0.000,0.417
533,Call in the Finishers,0.004,1.800,0.568,8300,0.000,0.486
534,Book of Specters,0.006,1.500,0.487,8200,0.000,0.447
535,Blastcrystal Potion,0.013,1.100,0.548,8200,0.000,0.517
536,Hot Spring Guardian,0.005,1.500,0.489,8200,0.000,0.408
537,Baron Geddon,0.015,1.000,0.514,8200,0.000,0.513
538,Deck of Wonders,0.003,1.300,0.443,8200,0.000,0.367
539,Steam Surger,0.004,1.600,0.528,8100,0.000,0.465
540,Charged Devilsaur,0.013,1.700,0.538,8000,0.000,0.502
541,Crystalweaver,0.007,1.800,0.571,8000,0.000,0.563
542,Justicar Trueheart,0.009,1.000,0.464,8000,0.000,0.477
543,Bloodfury Potion,0.006,1.700,0.556,8000,0.000,0.528
544,Unstable Ghoul,0.006,1.200,0.483,8000,0.000,0.418
545,Tess Greymane,0.018,1.000,0.490,7900,0.000,0.521
546,Raptor Hatchling,0.002,1.600,0.464,7900,0.000,0.375
547,Sonya Shadowdancer,0.011,1.000,0.490,7800,0.000,0.511
548,Possessed Villager,0.006,1.300,0.507,7700,0.000,0.461
549,Corpse Widow,0.008,1.300,0.542,7700,0.000,0.522
550,Glaivezooka,0.008,1.400,0.560,7700,0.000,0.519
551,Solemn Vigil,0.007,1.700,0.559,7600,0.000,0.519
552,Echo of Medivh,0.006,1.100,0.485,7600,0.000,0.545
553,"Hemet, Jungle Hunter",0.011,1.000,0.490,7600,0.000,0.569
554,Feral Rage,0.005,1.600,0.528,7600,0.000,0.487
555,Hadronox,0.011,1.000,0.493,7600,0.000,0.569
556,Smuggler's Run,0.004,1.800,0.533,7600,0.000,0.438
557,Blazecaller,0.006,1.600,0.516,7600,0.000,0.507
558,Jade Swarmer,0.004,2.000,0.488,7500,0.000,0.479
559,Ice Fishing,0.005,1.600,0.525,7500,0.000,0.450
560,Potion of Heroism,0.005,1.600,0.480,7500,0.000,0.445
561,Sacrificial Pact,0.008,1.300,0.504,7500,0.000,0.486
562,Abusive Sergeant,0.004,1.800,0.551,7300,0.000,0.430
563,Assassinate,0.006,1.400,0.470,7300,0.000,0.356
564,Bonfire Elemental,0.005,1.600,0.513,7300,0.000,0.480
565,Rockbiter Weapon,0.005,1.800,0.564,7300,0.000,0.496
566,Amani Berserker,0.005,1.600,0.529,7300,0.000,0.432
567,Weasel Tunneler,0.001,1.900,0.433,7200,0.000,0.452
568,Silver Vanguard,0.013,1.400,0.535,7200,0.000,0.535
569,Vivid Nightmare,0.009,1.400,0.500,7200,0.000,0.646
570,Elemental Destruction,0.008,1.200,0.467,7200,0.000,0.396
571,Mulch,0.007,1.300,0.532,7100,0.000,0.508
572,Stubborn Gastropod,0.002,1.400,0.480,7100,0.000,0.352
573,Priest of the Feast,0.006,1.200,0.510,7100,0.000,0.454
574,Polymorph: Boar,0.003,1.100,0.552,7100,0.000,0.507
575,Lotus Agents,0.005,1.600,0.496,7100,0.000,0.480
576,Windfury,0.011,1.100,0.622,7100,0.000,0.638
577,Wing Blast,0.007,1.300,0.540,7100,0.000,0.417
578,Jade Shuriken,0.004,1.900,0.491,7000,0.000,0.465
579,Drygulch Jailor,0.004,1.600,0.573,7000,0.000,0.444
580,Cornered Sentry,0.005,1.500,0.495,6900,0.000,0.464
581,"Thrall, Deathseer",0.008,1.000,0.553,6900,0.000,0.510
582,Big Game Hunter,0.015,1.000,0.533,6900,0.000,0.528
583,Snipe,0.004,1.400,0.537,6900,0.000,0.408
584,Mark of Y'Shaarj,0.005,1.900,0.569,6900,0.000,0.530
585,Houndmaster Shaw,0.010,1.000,0.543,6800,0.000,0.544
586,Drain Soul,0.006,1.400,0.492,6800,0.000,0.433
587,Sleep with the Fishes,0.006,1.600,0.476,6800,0.000,0.497
588,Druid of the Claw,0.004,1.600,0.510,6800,0.000,0.413
589,Arfus,0.004,1.000,0.485,6800,0.000,0.454
590,Crushing Hand,0.004,1.300,0.489,6800,0.000,0.417
591,Cairne Bloodhoof,0.009,1.000,0.520,6700,0.000,0.520
592,Patches the Pirate,0.027,1.000,0.608,6700,0.000,0.428
593,Witching Hour,0.009,1.800,0.491,6700,0.000,0.565
594,Uther of the Ebon Blade,0.010,1.000,0.514,6700,0.000,0.567
595,Bear Trap,0.005,1.400,0.559,6700,0.000,0.410
596,Arcanite Reaper,0.010,1.300,0.537,6700,0.000,0.442
597,Kobold Apprentice,0.004,1.400,0.476,6600,0.000,0.424
598,Grimestreet Outfitter,0.003,1.800,0.510,6600,0.000,0.429
599,Blood Imp,0.002,1.500,0.462,6600,0.000,0.355
600,Zap!,0.003,1.500,0.500,6600,0.000,0.451
601,Marsh Drake,0.006,1.600,0.496,6600,0.000,0.406
602,Al'Akir the Windlord,0.013,1.000,0.609,6600,0.000,0.510
603,Questing Adventurer,0.004,1.600,0.516,6600,0.000,0.462
604,Feugen,0.007,1.000,0.471,6600,0.000,0.510
605,Druid of the Swarm,0.004,1.800,0.559,6500,0.000,0.472
606,Lightfused Stegodon,0.004,1.700,0.594,6500,0.000,0.493
607,Everyfin is Awesome,0.004,1.900,0.595,6500,0.000,0.657
608,Ethereal Arcanist,0.003,1.500,0.553,6500,0.000,0.444
609,Wolfrider,0.004,1.800,0.543,6500,0.000,0.406
610,Twig of the World Tree,0.007,1.000,0.523,6500,0.000,0.536
611,Sword of Justice,0.005,1.300,0.580,6500,0.000,0.434
612,Spellbender,0.003,1.100,0.562,6400,0.000,0.528
613,Jungle Giants,0.003,1.000,0.498,6400,0.000,0.447
614,Town Crier,0.004,1.800,0.518,6300,0.000,0.476
615,Bloodhoof Brave,0.003,1.600,0.461,6300,0.000,0.387
616,Fireguard Destroyer,0.006,1.800,0.570,6300,0.000,0.484
617,Chameleos,0.009,1.000,0.486,6200,0.000,0.460
618,"Ixlid, Fungal Lord",0.009,1.000,0.549,6200,0.000,0.726
619,Scourgelord Garrosh,0.009,1.000,0.494,6200,0.000,0.524
620,Swamp Dragon Egg,0.003,1.600,0.453,6200,0.000,0.351
621,Auchenai Soulpriest,0.005,1.400,0.502,6200,0.000,0.415
622,Flame Lance,0.002,1.000,0.521,6100,0.000,0.466
623,Stalagg,0.007,1.000,0.471,6100,0.000,0.512
624,"Shaku, the Collector",0.007,1.000,0.506,6100,0.000,0.495
625,Sneed's Old Shredder,0.011,1.000,0.510,6000,0.000,0.535
626,Snowchugger,0.003,1.800,0.565,6000,0.000,0.444
627,Alley Armorsmith,0.003,1.600,0.441,6000,0.000,0.416
628,King Krush,0.016,1.000,0.573,6000,0.000,0.599
629,Grim Patron,0.006,1.400,0.494,5900,0.000,0.498
630,Elise Starseeker,0.006,1.000,0.476,5900,0.000,0.428
631,Wickerflame Burnbristle,0.004,1.000,0.521,5900,0.000,0.453
632,Black Cat,0.003,1.900,0.524,5900,0.000,0.472
633,Seal of Champions,0.004,1.500,0.559,5900,0.000,0.474
634,Jeweled Scarab,0.003,1.300,0.464,5900,0.000,0.408
635,Cogmaster,0.003,1.800,0.576,5900,0.000,0.483
636,Baron Rivendare,0.008,1.000,0.479,5900,0.000,0.492
637,Sindragosa,0.008,1.000,0.523,5900,0.000,0.548
638,Blessing of Wisdom,0.004,1.600,0.479,5800,0.000,0.450
639,Soul of the Forest,0.005,1.800,0.561,5800,0.000,0.554
640,Sunwalker,0.002,1.200,0.466,5800,0.000,0.368
641,Tidal Surge,0.003,1.200,0.484,5800,0.000,0.443
642,Venomstrike Trap,0.004,1.300,0.551,5800,0.000,0.456
643,White Eyes,0.004,1.000,0.477,5800,0.000,0.502
644,Twilight Geomancer,0.003,1.100,0.433,5800,0.000,0.357
645,Multi-Shot,0.003,1.300,0.487,5800,0.000,0.269
646,Argent Commander,0.007,1.200,0.596,5700,0.000,0.471
647,Dark Cultist,0.003,1.300,0.517,5700,0.000,0.487
648,Wax Elemental,0.002,1.600,0.411,5700,0.000,0.355
649,Rabid Worgen,0.004,1.800,0.497,5700,0.000,0.428
650,Terrorscale Stalker,0.005,1.700,0.505,5600,0.000,0.531
651,Ethereal Conjurer,0.004,1.300,0.522,5600,0.000,0.434
652,Twilight Flamecaller,0.005,1.100,0.515,5600,0.000,0.444
653,Infested Tauren,0.003,1.300,0.504,5600,0.000,0.431
654,Leper Gnome,0.002,1.700,0.469,5600,0.000,0.386
655,Freezing Potion,0.001,1.600,0.364,5500,0.000,0.421
656,Cave Hydra,0.001,1.300,0.481,5500,0.000,0.408
657,Kezan Mystic,0.007,1.100,0.467,5500,0.000,0.481
658,Dispatch Kodo,0.001,1.800,0.474,5500,0.000,0.477
659,Curse of Weakness,0.004,1.100,0.483,5500,0.000,0.415
660,Conceal,0.005,1.700,0.523,5500,0.000,0.522
661,Tar Lurker,0.002,1.200,0.473,5500,0.000,0.415
662,Murloc Knight,0.003,1.700,0.566,5500,0.000,0.413
663,Abomination,0.003,1.300,0.441,5500,0.000,0.354
664,Ironfur Grizzly,0.001,1.500,0.367,5400,0.000,0.263
665,Effigy,0.001,1.300,0.531,5400,0.000,0.495
666,Archmage Arugal,0.004,1.000,0.497,5400,0.000,0.429
667,Faceless Shambler,0.004,1.600,0.586,5400,0.000,0.549
668,Prince Taldaram,0.008,1.000,0.547,5300,0.000,0.574
669,Shadow Madness,0.004,1.200,0.449,5300,0.000,0.407
670,Betrayal,0.004,1.300,0.476,5300,0.000,0.417
671,Echoing Ooze,0.004,1.400,0.504,5300,0.000,0.473
672,Cursed Disciple,0.003,1.800,0.503,5300,0.000,0.511
673,Ancestral Spirit,0.003,1.500,0.466,5200,0.000,0.514
674,Grimestreet Enforcer,0.003,1.700,0.518,5200,0.000,0.473
675,Call of the Wild,0.006,1.300,0.552,5200,0.000,0.469
676,Wispering Woods,0.004,1.900,0.563,5200,0.000,0.505
677,Holy Fire,0.003,1.300,0.496,5200,0.000,0.456
678,Sinister Strike,0.004,1.800,0.475,5100,0.000,0.545
679,Reckless Flurry,0.006,1.300,0.482,5100,0.000,0.452
680,Mark of the Wild,0.002,1.500,0.467,5100,0.000,0.353
681,Rummaging Kobold,0.007,1.300,0.531,5100,0.000,0.593
682,Twin Emperor Vek'lor,0.006,1.000,0.488,5100,0.000,0.470
683,Bash,0.003,1.500,0.474,5100,0.000,0.433
684,Violet Teacher,0.004,1.900,0.578,5100,0.000,0.503
685,Ice Walker,0.002,1.400,0.450,5100,0.000,0.353
686,Greater Arcane Missiles,0.000,1.100,0.521,5100,0.000,0.479
687,Sprint,0.007,1.500,0.491,5000,0.000,0.523
688,Holy Water,0.004,1.200,0.457,5000,0.000,0.400
689,Krul the Unshackled,0.007,1.000,0.574,5000,0.000,0.647
690,Chillmaw,0.003,1.000,0.489,4900,0.000,0.404
691,Imp-losion,0.004,1.400,0.561,4900,0.000,0.424
692,Treachery,0.005,1.800,0.470,4900,0.000,0.586
693,Felsoul Inquisitor,0.002,1.300,0.452,4900,0.000,0.381
694,Snap Freeze,0.001,1.400,0.374,4900,0.000,0.389
695,Coffin Crasher,0.004,1.400,0.499,4900,0.000,0.537
696,Earthen Ring Farseer,0.003,1.300,0.538,4800,0.000,0.427
697,Dragon's Breath,0.001,1.400,0.513,4800,0.000,0.484
698,Master Oakheart,0.007,1.000,0.520,4800,0.000,0.599
699,Militia Commander,0.004,1.600,0.491,4800,0.000,0.413
700,Tortollan Forager,0.002,1.500,0.473,4800,0.000,0.382
701,Binding Heal,0.003,1.400,0.477,4800,0.000,0.439
702,Rhok'delar,0.010,1.000,0.594,4800,0.000,0.489
703,Crystal Lion,0.003,1.700,0.596,4700,0.000,0.498
704,Shallow Gravedigger,0.003,1.300,0.450,4700,0.000,0.398
705,Igneous Elemental,0.002,1.400,0.469,4700,0.000,0.397
706,Feign Death,0.007,1.300,0.521,4700,0.000,0.552
707,Hammer of Wrath,0.003,1.500,0.498,4700,0.000,0.374
708,"Finja, the Flying Star",0.005,1.000,0.581,4700,0.000,0.488
709,Forbidden Flame,0.001,1.100,0.461,4700,0.000,0.418
710,Mukla's Champion,0.003,1.600,0.590,4700,0.000,0.491
711,Revenge,0.004,1.600,0.463,4700,0.000,0.481
712,Lightwell,0.001,1.400,0.449,4600,0.000,0.350
713,Chillblade Champion,0.003,1.700,0.505,4600,0.000,0.409
714,Elven Archer,0.002,1.700,0.396,4600,0.000,0.330
715,Inner Rage,0.003,1.700,0.474,4600,0.000,0.445
716,Harvest Golem,0.002,1.400,0.538,4600,0.000,0.380
717,Crazed Worshipper,0.003,1.300,0.467,4500,0.000,0.415
718,"Kalimos, Primal Lord",0.008,1.000,0.570,4500,0.000,0.565
719,Volatile Elemental,0.002,1.300,0.436,4500,0.000,0.339
720,Shattered Sun Cleric,0.002,1.500,0.396,4500,0.000,0.295
721,Ghastly Conjurer,0.003,1.200,0.473,4500,0.000,0.414
722,Sudden Betrayal,0.003,1.500,0.476,4500,0.000,0.371
723,Doomcaller,0.010,1.200,0.459,4400,0.000,0.463
724,Unidentified Shield,0.004,1.700,0.364,4400,0.000,0.427
725,Adaptation,0.002,1.600,0.458,4400,0.000,0.393
726,Shadowblade,0.005,1.300,0.478,4400,0.000,0.447
727,Nesting Roc,0.003,1.600,0.603,4400,0.000,0.474
728,Razorpetal Lasher,0.002,1.700,0.508,4400,0.000,0.474
729,Flash Heal,0.003,1.300,0.460,4400,0.000,0.449
730,Anyfin Can Happen,0.006,1.900,0.578,4300,0.000,0.591
731,Mossy Horror,0.007,1.100,0.502,4300,0.000,0.519
732,Grommash Hellscream,0.009,1.000,0.452,4300,0.000,0.540
733,Unearthed Raptor,0.003,1.700,0.480,4300,0.000,0.501
734,Witch's Cauldron,0.004,1.200,0.498,4300,0.000,0.408
735,Faceless Summoner,0.002,1.400,0.519,4300,0.000,0.406
736,Frost Shock,0.001,1.700,0.414,4300,0.000,0.457
737,Unbound Elemental,0.002,1.800,0.485,4300,0.000,0.388
738,Goblin Blastmage,0.003,1.900,0.597,4300,0.000,0.521
739,Getaway Kodo,0.001,1.500,0.442,4300,0.000,0.420
740,Dollmaster Dorian,0.005,1.000,0.466,4300,0.000,0.450
741,Fierce Monkey,0.003,1.800,0.322,4300,0.000,0.407
742,Kabal Songstealer,0.005,1.200,0.541,4300,0.000,0.452
743,Benevolent Djinn,0.002,1.500,0.513,4200,0.000,0.371
744,Tol'vir Stoneshaper,0.003,1.300,0.497,4200,0.000,0.433
745,Darius Crowley,0.005,1.000,0.521,4200,0.000,0.465
746,Shadowcaster,0.005,1.300,0.467,4200,0.000,0.524
747,Feral Gibberer,0.001,1.500,0.424,4200,0.000,0.406
748,Jinyu Waterspeaker,0.004,1.500,0.512,4200,0.000,0.438
749,Goldshire Footman,0.001,1.500,0.328,4200,0.000,0.262
750,Grievous Bite,0.003,1.200,0.529,4200,0.000,0.382
751,Murloc Raider,0.001,1.800,0.383,4200,0.000,0.331
752,Lightspawn,0.001,1.400,0.415,4200,0.000,0.343
753,Cult Sorcerer,0.002,1.600,0.531,4100,0.000,0.458
754,Forge of Souls,0.004,1.300,0.479,4100,0.000,0.454
755,Midnight Drake,0.002,1.300,0.422,4100,0.000,0.430
756,Ravencaller,0.002,1.600,0.446,4100,0.000,0.360
757,Woodcutter's Axe,0.004,1.700,0.506,4100,0.000,0.440
758,Murloc Tinyfin,0.001,1.900,0.569,4100,0.000,0.483
759,Journey Below,0.002,1.500,0.440,4100,0.000,0.371
760,Forked Lightning,0.001,1.500,0.406,4000,0.000,0.361
761,Blowgill Sniper,0.002,1.400,0.546,4000,0.000,0.422
762,Envenom Weapon,0.005,1.000,0.465,4000,0.000,0.453
763,Lady in White,0.004,1.000,0.496,4000,0.000,0.451
764,Paragon of Light,0.003,1.700,0.509,4000,0.000,0.409
765,Drain Life,0.002,1.500,0.399,4000,0.000,0.304
766,Psych-o-Tron,0.001,1.400,0.472,4000,0.000,0.384
767,Rat Trap,0.005,1.100,0.582,4000,0.000,0.524
768,Healing Wave,0.003,1.300,0.460,4000,0.000,0.422
769,Alexstrasza's Champion,0.003,2.000,0.527,4000,0.000,0.509
770,Onyx Bishop,0.002,1.500,0.440,4000,0.000,0.423
771,Tar Lord,0.002,1.500,0.479,4000,0.000,0.396
772,Bloodsail Corsair,0.003,1.700,0.513,3900,0.000,0.450
773,Tinkertown Technician,0.002,1.700,0.590,3900,0.000,0.470
774,Tainted Zealot,0.004,1.200,0.512,3900,0.000,0.448
775,Bane of Doom,0.003,1.200,0.498,3900,0.000,0.443
776,Huge Toad,0.001,1.600,0.503,3900,0.000,0.448
777,Snake Trap,0.003,1.200,0.576,3900,0.000,0.433
778,The Mistcaller,0.003,1.000,0.476,3900,0.000,0.506
779,Volcanosaur,0.003,1.200,0.448,3900,0.000,0.370
780,Argent Protector,0.002,1.600,0.525,3900,0.000,0.407
781,Chromaggus,0.005,1.000,0.483,3900,0.000,0.483
782,Doomhammer,0.005,1.600,0.578,3900,0.000,0.508
783,Earth Elemental,0.002,1.400,0.448,3800,0.000,0.397
784,Spirit Echo,0.003,1.100,0.483,3800,0.000,0.515
785,Explorer's Hat,0.001,1.300,0.465,3800,0.000,0.402
786,Starfire,0.002,1.300,0.473,3800,0.000,0.399
787,Stormcrack,0.001,1.400,0.483,3800,0.000,0.443
788,Deathwing,0.011,1.000,0.508,3800,0.000,0.414
789,Shady Dealer,0.004,1.900,0.609,3800,0.000,0.526
790,Repentance,0.002,1.300,0.566,3800,0.000,0.429
791,Druid of the Scythe,0.002,1.700,0.501,3800,0.000,0.410
792,Ancestral Healing,0.001,1.400,0.366,3700,0.000,0.438
793,Living Mana,0.004,1.800,0.576,3700,0.000,0.397
794,Explosive Shot,0.003,1.100,0.501,3700,0.000,0.335
795,Infested Wolf,0.002,1.400,0.595,3700,0.000,0.453
796,Cult Master,0.005,1.200,0.571,3700,0.000,0.438
797,Gather Your Party,0.002,2.000,0.514,3700,0.000,0.513
798,Ironbark Protector,0.002,1.500,0.425,3700,0.000,0.362
799,Astral Tiger,0.002,1.600,0.471,3700,0.000,0.415
800,Injured Blademaster,0.002,1.800,0.496,3600,0.000,0.435
801,Devour Mind,0.003,1.200,0.425,3600,0.000,0.403
802,The Darkness,0.003,1.000,0.436,3600,0.000,0.414
803,Dreadscale,0.001,1.000,0.520,3600,0.000,0.448
804,Prince Valanar,0.003,1.000,0.499,3600,0.000,0.491
805,Runic Egg,0.003,1.700,0.493,3600,0.000,0.407
806,Dragonhatcher,0.006,1.400,0.524,3600,0.000,0.536
807,Beneath the Grounds,0.002,1.300,0.429,3600,0.000,0.415
808,Darnassus Aspirant,0.002,1.800,0.553,3600,0.000,0.513
809,Ravasaur Runt,0.001,1.600,0.551,3500,0.000,0.434
810,Howlfiend,0.005,1.200,0.484,3500,0.000,0.538
811,Nefarian,0.004,1.000,0.508,3500,0.000,0.447
812,Spider Tank,0.002,1.800,0.597,3500,0.000,0.452
813,Finders Keepers,0.001,1.100,0.374,3500,0.000,0.458
814,Unpowered Steambot,0.002,1.500,0.423,3500,0.000,0.360
815,Val'anyr,0.005,1.000,0.529,3500,0.000,0.486
816,Gnomish Inventor,0.003,1.400,0.345,3400,0.000,0.315
817,Drakkari Enchanter,0.005,1.200,0.446,3400,0.000,0.496
818,Green Jelly,0.002,1.500,0.273,3400,0.000,0.274
819,Drakkari Defender,0.002,1.700,0.457,3400,0.000,0.358
820,The Marsh Queen,0.002,1.000,0.425,3400,0.000,0.353
821,The Last Kaleidosaur,0.002,1.000,0.451,3400,0.000,0.385
822,Hoarding Dragon,0.002,1.600,0.418,3400,0.000,0.397
823,Summoning Portal,0.003,1.400,0.434,3400,0.000,0.426
824,Golakka Crawler,0.002,1.400,0.559,3400,0.000,0.460
825,"Deathwing, Dragonlord",0.005,1.000,0.531,3400,0.000,0.533
826,Totemic Might,0.001,1.600,0.404,3400,0.000,0.460
827,Clockwork Automaton,0.004,1.500,0.460,3400,0.000,0.496
828,On the Hunt,0.002,1.500,0.543,3400,0.000,0.438
829,Mountainfire Armor,0.002,1.700,0.487,3300,0.000,0.474
830,Mistress of Pain,0.001,1.300,0.491,3300,0.000,0.429
831,Redband Wasp,0.002,1.800,0.480,3300,0.000,0.416
832,Deranged Doctor,0.005,1.200,0.474,3300,0.000,0.448
833,Exploding Bloatbat,0.001,1.200,0.442,3300,0.000,0.359
834,Witchwood Imp,0.001,1.600,0.444,3300,0.000,0.403
835,Chief Inspector,0.005,1.000,0.481,3300,0.000,0.454
836,Fungal Enchanter,0.004,1.400,0.333,3300,0.000,0.382
837,Succubus,0.002,1.800,0.489,3300,0.000,0.371
838,Avalanche,0.001,1.300,0.453,3300,0.000,0.435
839,King Mukla,0.002,1.000,0.491,3300,0.000,0.473
840,Spellslinger,0.002,1.500,0.471,3300,0.000,0.406
841,Mindgames,0.001,1.200,0.395,3300,0.000,0.407
842,Rat Pack,0.001,1.500,0.619,3300,0.000,0.439
843,Refreshment Vendor,0.003,1.300,0.535,3300,0.000,0.490
844,Hooded Acolyte,0.001,1.800,0.434,3300,0.000,0.386
845,Deadscale Knight,0.001,1.600,0.394,3300,0.000,0.381
846,Crushing Walls,0.004,1.100,0.540,3200,0.000,0.380
847,Skeram Cultist,0.003,1.300,0.436,3200,0.000,0.393
848,Glinda Crowskin,0.006,1.000,0.527,3200,0.000,0.529
849,Kabal Trafficker,0.003,1.100,0.513,3200,0.000,0.511
850,Spawn of N'Zoth,0.002,1.800,0.504,3100,0.000,0.491
851,Renounce Darkness,0.002,1.900,0.457,3100,0.000,0.389
852,Arcane Nullifier X-21,0.001,1.500,0.427,3100,0.000,0.381
853,Ancient of War,0.002,1.300,0.501,3100,0.000,0.432
854,Frostwolf Warlord,0.003,1.400,0.554,3100,0.000,0.424
855,I Know a Guy,0.001,1.700,0.400,3100,0.000,0.356
856,Desert Camel,0.002,1.900,0.536,3100,0.000,0.436
857,Armored Warhorse,0.001,1.100,0.456,3100,0.000,0.464
858,Stampeding Kodo,0.001,1.200,0.518,3100,0.000,0.413
859,Reincarnate,0.002,1.800,0.472,3100,0.000,0.528
860,Shieldbearer,0.001,1.700,0.428,3100,0.000,0.318
861,Cryostasis,0.001,1.600,0.583,3100,0.000,0.497
862,Pterrordax Hatchling,0.001,1.200,0.382,3100,0.000,0.375
863,Gadgetzan Ferryman,0.002,1.500,0.426,3100,0.000,0.419
864,Drakonid Crusher,0.004,1.800,0.537,3000,0.000,0.540
865,Light of the Naaru,0.001,1.500,0.503,3000,0.000,0.438
866,Kabal Chemist,0.001,1.100,0.491,3000,0.000,0.421
867,Corrupted Seer,0.002,1.400,0.520,3000,0.000,0.331
868,Frostwolf Grunt,0.000,1.300,0.299,3000,0.000,0.226
869,Emerald Reaver,0.001,1.800,0.468,3000,0.000,0.456
870,Hungry Dragon,0.002,1.500,0.456,3000,0.000,0.421
871,Primal Fusion,0.001,1.700,0.496,3000,0.000,0.482
872,Call Pet,0.002,1.900,0.515,3000,0.000,0.438
873,Second-Rate Bruiser,0.001,1.100,0.468,2900,0.000,0.412
874,Elder Longneck,0.001,1.800,0.471,2900,0.000,0.440
875,Selfless Hero,0.002,1.600,0.619,2900,0.000,0.476
876,Blackwald Pixie,0.004,1.500,0.479,2900,0.000,0.449
877,Moonglade Portal,0.002,1.500,0.496,2900,0.000,0.417
878,Violet Wurm,0.005,1.400,0.398,2900,0.000,0.398
879,Klaxxi Amber-Weaver,0.003,1.800,0.548,2900,0.000,0.545
880,Bittertide Hydra,0.002,1.500,0.544,2900,0.000,0.459
881,The Black Knight,0.004,1.000,0.540,2900,0.000,0.454
882,Gemstudded Golem,0.001,1.600,0.460,2900,0.000,0.410
883,"Toki, Time-Tinker",0.002,1.000,0.502,2900,0.000,0.454
884,Cruel Taskmaster,0.002,1.600,0.400,2900,0.000,0.367
885,"Nat, the Darkfisher",0.002,1.000,0.478,2900,0.000,0.482
886,Misdirection,0.002,1.300,0.543,2900,0.000,0.342
887,Ivory Knight,0.002,1.500,0.537,2900,0.000,0.418
888,Lakkari Sacrifice,0.002,1.000,0.476,2900,0.000,0.399
889,Keeper of the Grove,0.002,1.200,0.491,2900,0.000,0.396
890,Bloodfen Raptor,0.001,1.600,0.408,2900,0.000,0.254
891,Ravenous Pterrordax,0.002,1.600,0.536,2900,0.000,0.434
892,Iron Hide,0.002,1.600,0.468,2800,0.000,0.386
893,Stoneskin Basilisk,0.001,1.400,0.492,2800,0.000,0.360
894,Dark Iron Dwarf,0.003,1.600,0.608,2800,0.000,0.454
895,Humility,0.002,1.600,0.493,2800,0.000,0.346
896,Razorpetal Volley,0.002,1.500,0.463,2800,0.000,0.456
897,Manic Soulcaster,0.004,1.000,0.516,2800,0.000,0.543
898,Dragon Consort,0.002,1.900,0.545,2800,0.000,0.480
899,Corruption,0.001,1.500,0.394,2800,0.000,0.277
900,Roll the Bones,0.003,1.400,0.502,2800,0.000,0.428
901,Enhance-o Mechano,0.003,1.200,0.522,2800,0.000,0.483
902,Darkshire Librarian,0.002,1.800,0.502,2800,0.000,0.428
903,Duskbat,0.002,1.700,0.562,2800,0.000,0.426
904,Mechanical Yeti,0.002,1.600,0.530,2700,0.000,0.438
905,Stegodon,0.000,1.200,0.468,2700,0.000,0.380
906,Daring Reporter,0.001,1.600,0.458,2700,0.000,0.417
907,Felfire Potion,0.004,1.100,0.549,2700,0.000,0.498
908,Shatter,0.000,1.300,0.345,2700,0.000,0.414
909,Healing Touch,0.002,1.400,0.403,2700,0.000,0.261
910,Master of Evolution,0.002,1.400,0.561,2700,0.000,0.460
911,Ghostly Charger,0.001,1.500,0.528,2700,0.000,0.392
912,"Ragnaros, Lightlord",0.004,1.000,0.538,2700,0.000,0.495
913,Confessor Paletress,0.002,1.000,0.480,2700,0.000,0.488
914,Lesser Onyx Spellstone,0.003,1.400,0.482,2700,0.000,0.404
915,Chillwind Yeti,0.001,1.500,0.350,2700,0.000,0.237
916,Fallen Hero,0.001,1.500,0.499,2700,0.000,0.413
917,Trogg Gloomeater,0.001,1.200,0.378,2700,0.000,0.318
918,Ornery Direhorn,0.001,1.400,0.433,2600,0.000,0.388
919,Knuckles,0.000,1.000,0.472,2600,0.000,0.471
920,Holy Champion,0.001,1.300,0.448,2600,0.000,0.391
921,Nightblade,0.002,1.400,0.442,2600,0.000,0.416
922,Lord of the Arena,0.000,1.300,0.321,2600,0.000,0.265
923,Shrieking Shroom,0.001,1.200,0.449,2600,0.000,0.322
924,Scaled Nightmare,0.001,1.100,0.462,2600,0.000,0.464
925,Tol'vir Warden,0.002,1.700,0.466,2600,0.000,0.454
926,Silver Sword,0.003,1.200,0.564,2600,0.000,0.554
927,Starving Buzzard,0.002,1.800,0.507,2600,0.000,0.366
928,Worgen Infiltrator,0.001,1.700,0.440,2600,0.000,0.342
929,Gurubashi Berserker,0.001,1.500,0.354,2600,0.000,0.281
930,Evolving Spores,0.002,1.200,0.527,2600,0.000,0.510
931,Lowly Squire,0.002,1.800,0.574,2600,0.000,0.488
932,Coghammer,0.002,1.100,0.613,2500,0.000,0.487
933,Sanguine Reveler,0.002,1.600,0.478,2500,0.000,0.434
934,Voodoo Doctor,0.001,1.600,0.318,2500,0.000,0.261
935,Stormforged Axe,0.001,1.500,0.481,2500,0.000,0.377
936,Lakkari Felhound,0.002,1.600,0.521,2500,0.000,0.377
937,Power Word: Glory,0.001,1.300,0.438,2500,0.000,0.433
938,Woecleaver,0.003,1.000,0.506,2500,0.000,0.588
939,Mortal Strike,0.004,1.700,0.536,2500,0.000,0.449
940,Void Terror,0.001,1.400,0.491,2500,0.000,0.409
941,Cleave,0.001,1.300,0.366,2500,0.000,0.229
942,"Xaril, Poisoned Mind",0.002,1.000,0.486,2500,0.000,0.430
943,Burgly Bully,0.002,1.600,0.494,2500,0.000,0.514
944,Bewitched Guardian,0.001,1.500,0.463,2500,0.000,0.400
945,Dragoncaller Alanna,0.006,1.000,0.530,2400,0.000,0.512
946,Soggoth the Slitherer,0.001,1.000,0.487,2400,0.000,0.430
947,Primalfin Champion,0.001,1.600,0.421,2400,0.000,0.373
948,Kobold Geomancer,0.001,1.400,0.386,2400,0.000,0.289
949,River Crocolisk,0.001,1.600,0.352,2400,0.000,0.260
950,Nexus-Champion Saraad,0.003,1.000,0.468,2400,0.000,0.443
951,Furious Ettin,0.001,1.200,0.415,2400,0.000,0.379
952,Avenging Wrath,0.002,1.400,0.541,2400,0.000,0.423
953,Primal Talismans,0.000,1.500,0.511,2400,0.000,0.478
954,Tomb Spider,0.001,1.400,0.463,2400,0.000,0.389
955,Divine Strength,0.001,1.600,0.424,2400,0.000,0.381
956,Grand Archivist,0.005,1.000,0.560,2400,0.000,0.495
957,Young Priestess,0.001,1.400,0.485,2400,0.000,0.360
958,Ratcatcher,0.002,1.200,0.519,2400,0.000,0.505
959,Bog Creeper,0.001,1.300,0.456,2400,0.000,0.378
960,Garrison Commander,0.003,1.500,0.465,2300,0.000,0.507
961,Dreadsteed,0.001,1.400,0.462,2300,0.000,0.444
962,Hungry Ettin,0.001,1.100,0.380,2300,0.000,0.379
963,Grimestreet Protector,0.001,1.300,0.543,2300,0.000,0.409
964,Wrathguard,0.001,1.800,0.568,2300,0.000,0.516
965,Sneaky Devil,0.001,1.300,0.462,2300,0.000,0.376
966,Puddlestomper,0.001,1.600,0.550,2300,0.000,0.416
967,Jeeves,0.003,1.700,0.596,2300,0.000,0.431
968,Evil Heckler,0.001,1.400,0.518,2300,0.000,0.423
969,Snowflipper Penguin,0.001,1.800,0.493,2300,0.000,0.441
970,Bellringer Sentry,0.002,1.600,0.560,2300,0.000,0.462
971,Ancient Brewmaster,0.002,1.300,0.460,2300,0.000,0.499
972,Felguard,0.001,1.100,0.467,2300,0.000,0.399
973,Tuskarr Totemic,0.001,1.600,0.515,2200,0.000,0.366
974,Smuggler's Crate,0.001,1.400,0.468,2200,0.000,0.370
975,The Caverns Below,0.001,1.000,0.381,2200,0.000,0.337
976,Dragonkin Sorcerer,0.002,1.700,0.432,2200,0.000,0.408
977,Emeriss,0.003,1.000,0.484,2200,0.000,0.533
978,Spawn of Shadows,0.003,1.100,0.525,2200,0.000,0.632
979,Prince Liam,0.002,1.000,0.569,2200,0.000,0.368
980,Floating Watcher,0.001,1.200,0.519,2200,0.000,0.451
981,Gorehowl,0.003,1.100,0.347,2200,0.000,0.468
982,Corrosive Sludge,0.003,1.100,0.490,2200,0.000,0.462
983,Shaky Zipgunner,0.001,1.500,0.456,2200,0.000,0.396
984,Micro Machine,0.001,1.600,0.535,2200,0.000,0.411
985,Tiny Knight of Evil,0.001,1.800,0.532,2200,0.000,0.444
986,Lightwarden,0.001,1.500,0.483,2200,0.000,0.376
987,Vilebrood Skitterer,0.001,1.300,0.497,2100,0.000,0.330
988,Ancient Watcher,0.001,1.800,0.528,2100,0.000,0.436
989,Hungry Crab,0.001,1.200,0.540,2100,0.000,0.409
990,Grimestreet Informant,0.001,1.300,0.472,2100,0.000,0.395
991,Spirit Claws,0.002,1.900,0.571,2100,0.000,0.498
992,Blood Knight,0.002,1.300,0.529,2100,0.000,0.432
993,Angry Chicken,0.000,1.600,0.267,2100,0.000,0.377
994,Booty Bay Bodyguard,0.000,1.300,0.348,2100,0.000,0.262
995,Lorewalker Cho,0.002,1.000,0.401,2100,0.000,0.390
996,Crazed Alchemist,0.003,1.100,0.560,2100,0.000,0.443
997,Fel Reaver,0.004,1.100,0.505,2100,0.000,0.593
998,Nightbane Templar,0.001,1.800,0.530,2100,0.000,0.453
999,Silver Hand Regent,0.002,1.600,0.604,2100,0.000,0.439
1000,Hand of Protection,0.001,1.600,0.388,2100,0.000,0.303
1001,Defias Ringleader,0.001,1.600,0.397,2100,0.000,0.335
1002,Target Dummy,0.001,1.700,0.412,2100,0.000,0.419
1003,Eternal Sentinel,0.002,1.300,0.503,2100,0.000,0.435
1004,Hired Gun,0.000,1.300,0.412,2000,0.000,0.368
1005,Glacial Mysteries,0.000,1.100,0.540,2000,0.000,0.429
1006,Mogu'shan Warden,0.001,1.100,0.449,2000,0.000,0.335
1007,Snowfury Giant,0.001,1.600,0.507,2000,0.000,0.454
1008,Grizzled Guardian,0.001,1.500,0.479,2000,0.000,0.434
1009,Claw,0.001,1.600,0.294,2000,0.000,0.288
1010,Auctionmaster Beardo,0.003,1.000,0.477,2000,0.000,0.692
1011,Cursed Castaway,0.002,1.400,0.456,2000,0.000,0.408
1012,Piloted Sky Golem,0.002,1.100,0.498,2000,0.000,0.479
1013,Rumbling Elemental,0.001,1.300,0.459,2000,0.000,0.425
1014,Fen Creeper,0.000,1.300,0.357,2000,0.000,0.352
1015,Lord Jaraxxus,0.004,1.000,0.526,2000,0.000,0.474
1016,Powershot,0.001,1.100,0.510,2000,0.000,0.371
1017,Kobold Hermit,0.001,1.600,0.505,1900,0.000,0.351
1018,Gorillabot A-3,0.001,1.700,0.562,1900,0.000,0.425
1019,Bright-Eyed Scout,0.002,1.600,0.481,1900,0.000,0.497
1020,Power Word: Tentacles,0.001,1.200,0.447,1900,0.000,0.447
1021,Infest,0.001,1.200,0.451,1900,0.000,0.369
1022,Nat Pagle,0.001,1.000,0.469,1900,0.000,0.382
1023,Wrathion,0.001,1.000,0.415,1900,0.000,0.455
1024,Darkshire Alchemist,0.001,1.200,0.435,1900,0.000,0.373
1025,Small-Time Buccaneer,0.001,1.500,0.520,1900,0.000,0.424
1026,Cursed Blade,0.004,1.100,0.583,1900,0.000,0.553
1027,Hogger,0.001,1.000,0.493,1900,0.000,0.373
1028,Moroes,0.001,1.000,0.504,1900,0.000,0.378
1029,Corpse Raiser,0.002,1.200,0.445,1900,0.000,0.477
1030,Forbidden Shaping,0.001,1.200,0.495,1900,0.000,0.404
1031,Boisterous Bard,0.002,1.700,0.586,1900,0.000,0.484
1032,Tinkmaster Overspark,0.003,1.000,0.488,1800,0.000,0.407
1033,Cult Apothecary,0.001,1.300,0.477,1800,0.000,0.343
1034,Silverback Patriarch,0.000,1.300,0.315,1800,0.000,0.269
1035,Alarm-o-Bot,0.001,1.400,0.404,1800,0.000,0.434
1036,Hidden Wisdom,0.001,1.200,0.496,1800,0.000,0.444
1037,Convert,0.001,1.300,0.358,1800,0.000,0.400
1038,Lynessa Sunsorrow,0.004,1.000,0.485,1800,0.000,0.445
1039,Lesser Sapphire Spellstone,0.002,1.500,0.445,1800,0.000,0.571
1040,Dart Trap,0.001,1.400,0.524,1800,0.000,0.436
1041,Blingtron 3000,0.002,1.000,0.488,1800,0.000,0.497
1042,Lay on Hands,0.003,1.100,0.520,1800,0.000,0.396
1043,Purify,0.001,1.900,0.489,1800,0.000,0.481
1044,King's Defender,0.002,1.500,0.471,1800,0.000,0.443
1045,Frost Elemental,0.001,1.300,0.414,1800,0.000,0.334
1046,Windspeaker,0.002,1.300,0.528,1800,0.000,0.495
1047,Summoning Stone,0.001,1.300,0.455,1800,0.000,0.379
1048,Dinomancy,0.001,1.100,0.452,1800,0.000,0.368
1049,Giant Mastodon,0.001,1.200,0.450,1800,0.000,0.370
1050,Headcrack,0.000,1.200,0.392,1800,0.000,0.350
1051,Guild Recruiter,0.001,1.700,0.507,1800,0.000,0.417
1052,Tauren Warrior,0.000,1.300,0.399,1800,0.000,0.317
1053,Coldwraith,0.001,1.600,0.438,1800,0.000,0.422
1054,Cenarius,0.002,1.000,0.499,1800,0.000,0.520
1055,Embrace the Shadow,0.001,1.500,0.487,1800,0.000,0.507
1056,Savage Combatant,0.001,1.600,0.510,1800,0.000,0.459
1057,Rotface,0.003,1.000,0.461,1800,0.000,0.482
1058,Dragon Soul,0.001,1.000,0.450,1800,0.000,0.392
1059,Geosculptor Yip,0.004,1.000,0.371,1700,0.000,0.565
1060,A Light in the Darkness,0.001,1.400,0.447,1700,0.000,0.316
1061,Unwilling Sacrifice,0.001,1.200,0.479,1700,0.000,0.423
1062,Mark of Nature,0.001,1.200,0.370,1700,0.000,0.337
1063,Dragon Egg,0.001,1.800,0.559,1700,0.000,0.457
1064,Swamp Leech,0.001,1.300,0.335,1700,0.000,0.329
1065,Shadowboxer,0.001,1.700,0.469,1700,0.000,0.408
1066,Guardian of Kings,0.001,1.300,0.507,1700,0.000,0.255
1067,Blood To Ichor,0.001,1.500,0.505,1700,0.000,0.403
1068,Verdant Longneck,0.001,1.500,0.421,1700,0.000,0.387
1069,Illidan Stormrage,0.001,1.000,0.530,1700,0.000,0.442
1070,Silvermoon Portal,0.001,1.500,0.468,1700,0.000,0.420
1071,Ancestor's Call,0.001,1.400,0.476,1700,0.000,0.454
1072,Fatespinner,0.001,1.300,0.524,1700,0.000,0.526
1073,Professor Putricide,0.002,1.000,0.598,1700,0.000,0.483
1074,Obsidian Shard,0.001,1.600,0.467,1700,0.000,0.463
1075,Giant Wasp,0.000,1.200,0.445,1700,0.000,0.330
1076,Acolyte of Agony,0.001,1.300,0.476,1700,0.000,0.349
1077,Flame Juggler,0.001,1.400,0.456,1700,0.000,0.403
1078,Volcanic Drake,0.001,1.600,0.457,1700,0.000,0.468
1079,Public Defender,0.001,1.400,0.421,1700,0.000,0.373
1080,Addled Grizzly,0.001,1.400,0.506,1700,0.000,0.405
1081,Mounted Raptor,0.001,1.700,0.507,1600,0.000,0.444
1082,Cauldron Elemental,0.001,1.200,0.483,1600,0.000,0.461
1083,Twilight Darkmender,0.001,1.700,0.431,1600,0.000,0.358
1084,Princess Huhuran,0.001,1.000,0.478,1600,0.000,0.529
1085,Wretched Tiller,0.001,1.600,0.479,1600,0.000,0.366
1086,Mindbreaker,0.002,1.100,0.496,1600,0.000,0.418
1087,Sabotage,0.002,1.100,0.481,1600,0.000,0.443
1088,Sacred Trial,0.001,1.400,0.458,1600,0.000,0.335
1089,Reckless Rocketeer,0.002,1.200,0.521,1600,0.000,0.383
1090,"Sherazin, Corpse Flower",0.001,1.000,0.469,1600,0.000,0.445
1091,Grimy Gadgeteer,0.001,1.400,0.418,1600,0.000,0.385
1092,Onyxia,0.001,1.000,0.474,1600,0.000,0.418
1093,Frost Giant,0.002,1.600,0.544,1600,0.000,0.505
1094,Forbidden Healing,0.003,1.100,0.497,1600,0.000,0.380
1095,Servant of Yogg-Saron,0.001,1.300,0.431,1600,0.000,0.365
1096,Clockwork Giant,0.001,1.500,0.493,1600,0.000,0.522
1097,Swamp King Dred,0.001,1.000,0.556,1600,0.000,0.479
1098,Cyclopian Horror,0.000,1.000,0.423,1600,0.000,0.391
1099,Carrion Drake,0.001,1.500,0.507,1600,0.000,0.408
1100,Razorfen Hunter,0.000,1.700,0.413,1600,0.000,0.239
1101,Demonheart,0.001,1.200,0.485,1600,0.000,0.461
1102,Clutchmother Zavas,0.001,1.000,0.518,1500,0.000,0.429
1103,Siltfin Spiritwalker,0.001,1.300,0.588,1500,0.000,0.460
1104,Void Ripper,0.002,1.300,0.544,1500,0.000,0.497
1105,Young Dragonhawk,0.001,1.500,0.416,1500,0.000,0.346
1106,Cathedral Gargoyle,0.001,1.700,0.546,1500,0.000,0.483
1107,Pompous Thespian,0.000,1.400,0.438,1500,0.000,0.380
1108,Dust Devil,0.001,1.600,0.456,1500,0.000,0.352
1109,Quartz Elemental,0.001,1.700,0.401,1500,0.000,0.400
1110,Plague Scientist,0.001,1.300,0.453,1500,0.000,0.362
1111,Humongous Razorleaf,0.001,1.800,0.513,1500,0.000,0.426
1112,Chittering Tunneler,0.001,1.200,0.512,1500,0.000,0.450
1113,Eye for an Eye,0.001,1.500,0.387,1500,0.000,0.295
1114,Tanglefur Mystic,0.001,1.600,0.398,1500,0.000,0.358
1115,Thunder Bluff Valiant,0.001,1.700,0.562,1500,0.000,0.453
1116,Boulderfist Ogre,0.001,1.700,0.406,1500,0.000,0.243
1117,The Glass Knight,0.002,1.000,0.535,1500,0.000,0.495
1118,Holy Light,0.001,1.300,0.390,1500,0.000,0.233
1119,Air Elemental,0.001,1.300,0.422,1500,0.000,0.363
1120,Bladed Cultist,0.001,1.600,0.377,1500,0.000,0.347
1121,Eggnapper,0.001,1.300,0.474,1500,0.000,0.330
1122,Ancient of Blossoms,0.000,1.200,0.462,1400,0.000,0.389
1123,Master Swordsmith,0.000,1.200,0.414,1400,0.000,0.325
1124,Barkskin,0.000,1.400,0.338,1400,0.000,0.372
1125,Rampage,0.001,1.600,0.429,1400,0.000,0.421
1126,Pantry Spider,0.001,1.400,0.506,1400,0.000,0.388
1127,Witchwood Apple,0.001,1.600,0.386,1400,0.000,0.311
1128,Arch-Thief Rafaam,0.002,1.000,0.454,1400,0.000,0.443
1129,Demolisher,0.001,1.100,0.432,1400,0.000,0.301
1130,Grimestreet Smuggler,0.001,1.700,0.384,1400,0.000,0.404
1131,Dark Conviction,0.001,1.400,0.518,1400,0.000,0.379
1132,Temple Enforcer,0.001,1.300,0.411,1400,0.000,0.372
1133,Shellshifter,0.001,1.500,0.491,1400,0.000,0.383
1134,Voodoo Hexxer,0.000,1.500,0.454,1400,0.000,0.358
1135,Inkmaster Solia,0.001,1.000,0.529,1400,0.000,0.518
1136,Stone Sentinel,0.001,1.300,0.483,1400,0.000,0.425
1137,Gladiator's Longbow,0.001,1.000,0.530,1400,0.000,0.396
1138,Stormwind Knight,0.001,1.400,0.463,1400,0.000,0.307
1139,Shadowform,0.001,1.400,0.380,1400,0.000,0.443
1140,Lunar Visions,0.001,1.200,0.472,1400,0.000,0.461
1141,Curio Collector,0.000,1.400,0.424,1400,0.000,0.377
1142,Evolved Kobold,0.002,1.100,0.534,1400,0.000,0.641
1143,Meat Wagon,0.002,1.400,0.475,1300,0.000,0.434
1144,Trogg Beastrager,0.001,1.400,0.483,1300,0.000,0.408
1145,Malorne,0.001,1.000,0.495,1300,0.000,0.477
1146,Arcane Anomaly,0.001,1.700,0.475,1300,0.000,0.418
1147,Coldarra Drake,0.001,1.600,0.484,1300,0.000,0.493
1148,Stranglethorn Tiger,0.001,1.400,0.532,1300,0.000,0.412
1149,Bomb Lobber,0.001,1.100,0.493,1300,0.000,0.434
1150,Ancient Shieldbearer,0.001,1.900,0.411,1300,0.000,0.429
1151,Iron Juggernaut,0.001,1.000,0.411,1300,0.000,0.499
1152,Countess Ashmore,0.002,1.000,0.445,1300,0.000,0.446
1153,Hobgoblin,0.001,1.700,0.490,1300,0.000,0.432
1154,Blade of C'Thun,0.001,1.300,0.466,1300,0.000,0.484
1155,Totem Cruncher,0.001,1.100,0.599,1300,0.000,0.384
1156,Glitter Moth,0.001,1.600,0.484,1300,0.000,0.503
1157,Small-Time Recruits,0.001,1.500,0.520,1300,0.000,0.473
1158,Ebon Dragonsmith,0.001,1.700,0.392,1300,0.000,0.390
1159,Powermace,0.001,1.800,0.556,1300,0.000,0.479
1160,Forbidden Ritual,0.001,1.500,0.483,1300,0.000,0.327
1161,Darkscale Healer,0.000,1.400,0.375,1300,0.000,0.263
1162,Strongshell Scavenger,0.001,1.500,0.491,1300,0.000,0.432
1163,Shifter Zerus,0.001,1.000,0.477,1300,0.000,0.388
1164,Silverware Golem,0.002,1.900,0.528,1300,0.000,0.356
1165,Pit Lord,0.001,1.500,0.520,1200,0.000,0.500
1166,Squirming Tentacle,0.000,1.000,0.486,1200,0.000,0.368
1167,Ram Wrangler,0.001,1.400,0.538,1200,0.000,0.420
1168,Djinni of Zephyrs,0.001,1.600,0.478,1200,0.000,0.478
1169,Runeforge Haunter,0.001,1.300,0.423,1200,0.000,0.409
1170,Jungle Panther,0.000,1.500,0.501,1200,0.000,0.353
1171,Friendly Bartender,0.001,1.200,0.495,1200,0.000,0.347
1172,Desperate Stand,0.001,1.500,0.483,1200,0.000,0.428
1173,Emperor Cobra,0.000,1.100,0.440,1200,0.000,0.327
1174,Thunder Lizard,0.000,1.400,0.380,1200,0.000,0.360
1175,Scarlet Crusader,0.001,1.500,0.510,1200,0.000,0.323
1176,Shadowfiend,0.001,1.200,0.486,1200,0.000,0.449
1177,Light's Justice,0.001,1.200,0.573,1200,0.000,0.394
1178,Happy Ghoul,0.001,1.600,0.489,1200,0.000,0.413
1179,Shimmering Courser,0.000,1.300,0.404,1200,0.000,0.441
1180,Cataclysm,0.001,1.500,0.463,1200,0.000,0.350
1181,Hallazeal the Ascended,0.001,1.000,0.477,1200,0.000,0.467
1182,Vol'jin,0.001,1.000,0.496,1200,0.000,0.492
1183,Rhonin,0.001,1.000,0.490,1200,0.000,0.511
1184,Emerald Hive Queen,0.000,1.400,0.447,1200,0.000,0.431
1185,Druid of the Saber,0.001,1.700,0.563,1200,0.000,0.437
1186,Avian Watcher,0.001,1.400,0.523,1200,0.000,0.412
1187,Meanstreet Marshal,0.001,1.600,0.469,1200,0.000,0.437
1188,Shrinkmeister,0.001,1.600,0.408,1200,0.000,0.440
1189,Undertaker,0.001,1.700,0.442,1200,0.000,0.407
1190,Corrupted Healbot,0.001,1.900,0.504,1200,0.000,0.495
1191,Skelemancer,0.001,1.400,0.489,1100,0.000,0.383
1192,Bloodworm,0.001,1.300,0.447,1100,0.000,0.326
1193,Saboteur,0.001,1.000,0.454,1100,0.000,0.473
1194,Dinosize,0.001,1.100,0.518,1100,0.000,0.545
1195,Lilian Voss,0.002,1.000,0.457,1100,0.000,0.377
1196,Molten Blade,0.001,1.400,0.389,1100,0.000,0.330
1197,Rend Blackhand,0.002,1.000,0.542,1100,0.000,0.447
1198,Night Prowler,0.000,1.100,0.436,1100,0.000,0.375
1199,Mistwraith,0.001,1.700,0.454,1100,0.000,0.411
1200,Lost Spirit,0.001,1.400,0.461,1100,0.000,0.354
1201,Demented Frostcaller,0.000,1.300,0.379,1100,0.000,0.326
1202,Howling Commander,0.001,1.500,0.495,1100,0.000,0.375
1203,Mana Geode,0.000,1.200,0.496,1100,0.000,0.431
1204,Maexxna,0.000,1.000,0.451,1100,0.000,0.381
1205,Lock and Load,0.001,1.500,0.528,1100,0.000,0.364
1206,Raging Worgen,0.001,1.400,0.341,1100,0.000,0.276
1207,Toshley,0.001,1.000,0.510,1100,0.000,0.456
1208,Animated Berserker,0.000,1.600,0.402,1100,0.000,0.358
1209,Lesser Mithril Spellstone,0.001,1.700,0.446,1100,0.000,0.413
1210,Stampede,0.001,1.300,0.439,1100,0.000,0.404
1211,Rebuke,0.001,1.300,0.530,1100,0.000,0.394
1212,Perdition's Blade,0.001,1.300,0.417,1100,0.000,0.316
1213,Violet Illusionist,0.001,1.200,0.465,1100,0.000,0.463
1214,Fallen Sun Cleric,0.001,1.500,0.482,1000,0.000,0.346
1215,Gruul,0.001,1.000,0.468,1000,0.000,0.426
1216,Stormwatcher,0.001,1.300,0.475,1000,0.000,0.447
1217,Eydis Darkbane,0.001,1.000,0.359,1000,0.000,0.418
1218,Troggzor the Earthinator,0.001,1.000,0.399,1000,0.000,0.462
1219,Nerubian Prophet,0.001,1.600,0.529,1000,0.000,0.425
1220,Fearsome Doomguard,0.001,1.100,0.509,1000,0.000,0.483
1221,Cruel Dinomancer,0.001,1.600,0.459,1000,0.000,0.420
1222,Gnash,0.000,1.500,0.333,1000,0.000,0.353
1223,Zealous Initiate,0.000,1.500,0.371,1000,0.000,0.340
1224,Blackhowl Gunspire,0.001,1.000,0.439,1000,0.000,0.452
1225,Swift Messenger,0.001,1.400,0.445,1000,0.000,0.382
1226,Steamwheedle Sniper,0.001,1.600,0.523,1000,0.000,0.460
1227,Dalaran Aspirant,0.001,1.300,0.367,1000,0.000,0.423
1228,Shade of Naxxramas,0.000,1.400,0.423,1000,0.000,0.355
1229,Nozdormu,0.001,1.000,0.497,1000,0.000,0.424
1230,Curse of Rafaam,0.000,1.400,0.407,1000,0.000,0.362
1231,Tournament Attendee,0.000,1.800,0.433,1000,0.000,0.392
1232,King of Beasts,0.000,1.100,0.495,1000,0.000,0.377
1233,WANTED!,0.001,1.300,0.463,1000,0.000,0.368
1234,Shieldmaiden,0.001,1.500,0.436,1000,0.000,0.379
1235,Flesheating Ghoul,0.000,1.500,0.531,1000,0.000,0.310
1236,Phantom Freebooter,0.001,1.500,0.480,1000,0.000,0.402
1237,Tyrantus,0.001,1.000,0.463,1000,0.000,0.532
1238,Twilight Summoner,0.001,1.300,0.481,1000,0.000,0.443
1239,The Runespear,0.001,1.000,0.502,1000,0.000,0.420
1240,Ozruk,0.000,1.000,0.397,1000,0.000,0.419
1241,Gormok the Impaler,0.001,1.000,0.635,1000,0.000,0.550
1242,Assassin's Blade,0.000,1.400,0.376,1000,0.000,0.297
1243,Tournament Medic,0.001,1.400,0.440,1000,0.000,0.334
1244,Mad Bomber,0.001,1.400,0.475,1000,0.000,0.302
1245,Don Han'Cho,0.000,1.000,0.481,1000,0.000,0.499
1246,Sated Threshadon,0.001,1.200,0.480,1000,0.000,0.351
1247,Deathspeaker,0.001,1.400,0.367,1000,0.000,0.411
1248,Ironforge Portal,0.000,1.700,0.404,1000,0.000,0.343
1249,The Voraxx,0.000,1.000,0.485,990,0.000,0.432
1250,Gnomeregan Infantry,0.000,1.500,0.400,980,0.000,0.416
1251,Anomalus,0.000,1.000,0.400,980,0.000,0.382
1252,Seadevil Stinger,0.000,2.000,0.630,960,0.000,0.420
1253,"Bolvar, Fireblood",0.001,1.000,0.583,960,0.000,0.469
1254,Carrion Grub,0.000,1.700,0.474,960,0.000,0.387
1255,Vitality Totem,0.000,1.200,0.471,950,0.000,0.346
1256,Wisp,0.000,1.600,0.485,950,0.000,0.387
1257,Druid of the Flame,0.000,1.500,0.448,950,0.000,0.405
1258,Temporus,0.000,1.000,0.441,940,0.000,0.416
1259,Cutpurse,0.000,1.400,0.480,940,0.000,0.383
1260,Forlorn Stalker,0.001,1.300,0.502,940,0.000,0.403
1261,Confuse,0.000,1.200,0.495,940,0.000,0.509
1262,Animated Armor,0.000,1.400,0.467,930,0.000,0.404
1263,Toxmonger,0.001,1.500,0.452,930,0.000,0.439
1264,Deathweb Spider,0.001,1.200,0.494,920,0.000,0.423
1265,Zoobot,0.001,1.800,0.471,920,0.000,0.428
1266,Bladed Gauntlet,0.001,1.300,0.482,920,0.000,0.464
1267,Menagerie Warden,0.001,1.800,0.503,910,0.000,0.539
1268,Bestial Wrath,0.000,1.200,0.478,910,0.000,0.452
1269,"Mukla, Tyrant of the Vale",0.000,1.000,0.472,900,0.000,0.432
1270,Fiendish Circle,0.001,1.600,0.475,900,0.000,0.312
1271,The Skeleton Knight,0.000,1.000,0.467,890,0.000,0.418
1272,Spellshifter,0.001,1.500,0.472,890,0.000,0.406
1273,Boneguard Lieutenant,0.001,1.400,0.522,890,0.000,0.424
1274,Majordomo Executus,0.001,1.000,0.419,890,0.000,0.497
1275,Archmage,0.000,1.500,0.315,890,0.000,0.251
1276,Illuminator,0.001,1.300,0.530,880,0.000,0.368
1277,Fencing Coach,0.001,1.300,0.518,880,0.000,0.506
1278,Commanding Shout,0.001,1.400,0.437,870,0.000,0.404
1279,Tentacle of N'Zoth,0.000,1.300,0.362,870,0.000,0.320
1280,Blood-Queen Lana'thel,0.001,1.000,0.517,860,0.000,0.476
1281,Splintergraft,0.001,1.000,0.456,860,0.000,0.520
1282,Val'kyr Soulclaimer,0.000,1.400,0.525,860,0.000,0.400
1283,King Mosh,0.001,1.000,0.496,860,0.000,0.448
1284,Silver Hand Knight,0.000,1.400,0.429,850,0.000,0.262
1285,Eadric the Pure,0.001,1.000,0.523,850,0.000,0.347
1286,Oasis Snapjaw,0.000,1.400,0.313,850,0.000,0.275
1287,Soot Spewer,0.000,1.700,0.521,840,0.000,0.445
1288,Scorp-o-matic,0.001,1.200,0.461,840,0.000,0.348
1289,Demonfuse,0.000,1.400,0.431,840,0.000,0.368
1290,Leatherclad Hogleader,0.001,1.000,0.469,840,0.000,0.529
1291,Reliquary Seeker,0.000,1.800,0.358,840,0.000,0.403
1292,Deadly Fork,0.000,1.400,0.391,840,0.000,0.345
1293,Doomed Apprentice,0.000,1.300,0.398,830,0.000,0.420
1294,Lesser Pearl Spellstone,0.000,1.500,0.487,830,0.000,0.298
1295,Bite,0.000,1.400,0.313,830,0.000,0.369
1296,The Beast,0.000,1.000,0.486,820,0.000,0.411
1297,Moat Lurker,0.001,1.300,0.487,820,0.000,0.407
1298,Hidden Cache,0.000,1.500,0.393,820,0.000,0.369
1299,Anodized Robo Cub,0.000,1.400,0.315,820,0.000,0.394
1300,Walnut Sprite,0.000,1.200,0.323,820,0.000,0.280
1301,Abominable Bowman,0.001,1.200,0.474,820,0.000,0.485
1302,Herald Volazj,0.001,1.000,0.457,810,0.000,0.527
1303,Shadowbomber,0.000,1.800,0.494,810,0.000,0.522
1304,Sparring Partner,0.000,1.200,0.448,810,0.000,0.382
1305,Dragonling Mechanic,0.000,1.500,0.378,800,0.000,0.227
1306,Gloom Stag,0.000,1.700,0.433,800,0.000,0.361
1307,Anub'arak,0.000,1.000,0.461,800,0.000,0.482
1308,Bolster,0.000,1.700,0.480,800,0.000,0.459
1309,Fjola Lightbane,0.000,1.000,0.450,790,0.000,0.391
1310,Enter the Coliseum,0.001,1.200,0.468,790,0.000,0.328
1311,Stolen Goods,0.000,1.500,0.489,780,0.000,0.337
1312,Neptulon,0.001,1.000,0.626,780,0.000,0.429
1313,Mad Hatter,0.001,1.400,0.533,780,0.000,0.487
1314,Cobra Shot,0.000,1.300,0.547,780,0.000,0.396
1315,Gahz'rilla,0.000,1.000,0.542,780,0.000,0.477
1316,Menagerie Magician,0.001,1.600,0.501,770,0.000,0.453
1317,Pit Snake,0.000,1.700,0.333,770,0.000,0.378
1318,Bloodbloom,0.001,1.200,0.470,770,0.000,0.446
1319,Embrace Darkness,0.000,1.100,0.450,770,0.000,0.426
1320,Pint-Sized Summoner,0.000,1.000,0.448,770,0.000,0.355
1321,Volcanic Lumberer,0.000,1.600,0.443,760,0.000,0.432
1322,Iron Sensei,0.000,1.700,0.584,760,0.000,0.452
1323,Charged Hammer,0.001,1.100,0.513,760,0.000,0.448
1324,Bogshaper,0.001,1.100,0.424,760,0.000,0.492
1325,Ball of Spiders,0.000,1.100,0.477,750,0.000,0.354
1326,Sergeant Sally,0.000,1.000,0.412,750,0.000,0.320
1327,Arathi Weaponsmith,0.000,1.400,0.443,750,0.000,0.295
1328,Trade Prince Gallywix,0.001,1.000,0.476,750,0.000,0.444
1329,Skycap'n Kragg,0.001,1.000,0.550,750,0.000,0.451
1330,Toxic Arrow,0.000,1.200,0.485,750,0.000,0.389
1331,Brave Archer,0.001,1.800,0.457,750,0.000,0.384
1332,Tuskarr Fisherman,0.001,1.600,0.473,750,0.000,0.431
1333,Astral Communion,0.001,1.900,0.444,750,0.000,0.413
1334,Protect the King!,0.001,1.100,0.121,740,0.000,0.237
1335,Lil' Exorcist,0.000,1.100,0.289,740,0.000,0.403
1336,Giant Sand Worm,0.001,1.000,0.501,740,0.000,0.439
1337,Wicked Witchdoctor,0.000,1.500,0.512,740,0.000,0.403
1338,Imp Master,0.000,1.100,0.454,740,0.000,0.297
1339,Mana Addict,0.000,1.700,0.497,730,0.000,0.408
1340,Giant Anaconda,0.001,1.300,0.469,730,0.000,0.473
1341,Wilfred Fizzlebang,0.001,1.000,0.482,730,0.000,0.485
1342,Webweave,0.000,1.200,0.420,720,0.000,0.324
1343,Gadgetzan Jouster,0.000,1.300,0.420,720,0.000,0.418
1344,Stormpike Commando,0.000,1.500,0.272,720,0.000,0.180
1345,Mimiron's Head,0.000,1.000,0.378,720,0.000,0.396
1346,Tree of Life,0.002,1.000,0.481,720,0.000,0.390
1347,Naga Sea Witch,0.001,1.900,0.517,710,0.000,0.499
1348,Patient Assassin,0.000,1.100,0.378,710,0.000,0.370
1349,"Hogger, Doom of Elwynn",0.000,1.000,0.455,710,0.000,0.413
1350,Hobart Grapplehammer,0.000,1.000,0.412,700,0.000,0.428
1351,Clockwork Knight,0.001,1.600,0.557,700,0.000,0.457
1352,Blood of The Ancient One,0.001,1.500,0.450,700,0.000,0.520
1353,Pumpkin Peasant,0.000,1.400,0.420,690,0.000,0.338
1354,Holy Wrath,0.000,1.500,0.410,690,0.000,0.355
1355,Blessed Champion,0.001,1.100,0.449,690,0.000,0.483
1356,Fist of Jaraxxus,0.001,1.900,0.518,680,0.000,0.354
1357,Warbot,0.000,1.800,0.441,680,0.000,0.356
1358,Varian Wrynn,0.001,1.000,0.459,680,0.000,0.485
1359,Gravelsnout Knight,0.000,1.700,0.402,680,0.000,0.363
1360,Injured Kvaldir,0.000,1.900,0.580,670,0.000,0.442
1361,Arcanosmith,0.000,1.200,0.433,670,0.000,0.328
1362,Anubisath Sentinel,0.000,1.400,0.480,670,0.000,0.400
1363,Thistle Tea,0.001,1.200,0.347,660,0.000,0.334
1364,Axe Flinger,0.000,1.600,0.431,650,0.000,0.381
1365,Bolvar Fordragon,0.001,1.000,0.575,650,0.000,0.412
1366,Undercity Valiant,0.000,1.500,0.433,640,0.000,0.412
1367,"Genzo, the Shark",0.000,1.000,0.544,630,0.000,0.432
1368,Red Mana Wyrm,0.000,1.600,0.408,630,0.000,0.372
1369,Core Hound,0.000,1.100,0.429,630,0.000,0.265
1370,Bouncing Blade,0.001,1.400,0.417,630,0.000,0.380
1371,Gelbin Mekkatorque,0.000,1.000,0.418,620,0.000,0.406
1372,Foe Reaper 4000,0.000,1.000,0.540,620,0.000,0.422
1373,Elite Tauren Chieftain,0.000,1.000,0.570,620,0.000,0.364
1374,Wisps of the Old Gods,0.000,1.300,0.550,610,0.000,0.501
1375,Kvaldir Raider,0.000,1.400,0.481,610,0.000,0.368
1376,Muck Hunter,0.001,1.200,0.492,610,0.000,0.413
1377,Ancient of Lore,0.000,1.200,0.428,610,0.000,0.385
1378,Unlicensed Apothecary,0.000,1.500,0.423,610,0.000,0.403
1379,Blackguard,0.000,1.500,0.462,600,0.000,0.427
1380,Bomb Squad,0.001,1.100,0.488,600,0.000,0.436
1381,Kara Kazham!,0.001,1.600,0.447,600,0.000,0.342
1382,Spiked Hogrider,0.001,1.200,0.484,600,0.000,0.449
1383,Street Trickster,0.000,1.200,0.471,600,0.000,0.419
1384,Magma Rager,0.000,1.500,0.322,600,0.000,0.301
1385,Feeding Time,0.000,1.200,0.357,590,0.000,0.323
1386,Blood Warriors,0.001,1.200,0.409,590,0.000,0.508
1387,Big-Time Racketeer,0.000,1.300,0.524,590,0.000,0.375
1388,Kodorider,0.001,1.400,0.509,590,0.000,0.487
1389,Biteweed,0.000,1.300,0.315,590,0.000,0.427
1390,Ogre Magi,0.000,1.500,0.281,590,0.000,0.311
1391,Icehowl,0.000,1.000,0.496,590,0.000,0.415
1392,Force of Nature,0.000,1.300,0.478,580,0.000,0.369
1393,Millhouse Manastorm,0.000,1.000,0.361,580,0.000,0.327
1394,Bolf Ramshield,0.000,1.000,0.387,580,0.000,0.353
1395,Usher of Souls,0.000,1.300,0.415,580,0.000,0.370
1396,Vryghoul,0.000,1.500,0.279,570,0.000,0.304
1397,Dark Wispers,0.000,1.000,0.439,570,0.000,0.451
1398,Ice Rager,0.000,1.300,0.436,570,0.000,0.447
1399,Cryomancer,0.000,1.600,0.359,570,0.000,0.391
1400,Grim Necromancer,0.000,1.200,0.439,560,0.000,0.312
1401,Core Rager,0.000,1.500,0.507,560,0.000,0.435
1402,DOOM!,0.001,1.100,0.441,560,0.000,0.366
1403,North Sea Kraken,0.000,1.400,0.441,550,0.000,0.395
1404,Festeroot Hulk,0.000,1.400,0.464,550,0.000,0.388
1405,Gilnean Royal Guard,0.001,1.200,0.520,540,0.000,0.386
1406,Eerie Statue,0.000,1.300,0.455,540,0.000,0.415
1407,Spreading Madness,0.000,1.500,0.409,530,0.000,0.292
1408,Obsidian Destroyer,0.000,1.300,0.462,530,0.000,0.398
1409,Mogor the Ogre,0.000,1.000,0.317,530,0.000,0.356
1410,Pilfered Power,0.000,1.600,0.483,530,0.000,0.480
1411,Dragonslayer,0.001,1.200,0.477,530,0.000,0.383
1412,Duskhaven Hunter,0.000,1.200,0.443,520,0.000,0.398
1413,Sewer Crawler,0.000,1.600,0.466,520,0.000,0.349
1414,Fool's Bane,0.000,1.500,0.422,520,0.000,0.372
1415,Malkorok,0.000,1.000,0.506,520,0.000,0.463
1416,Flame Leviathan,0.000,1.000,0.515,510,0.000,0.441
1417,Captain's Parrot,0.000,1.700,0.585,510,0.000,0.324
1418,Silithid Swarmer,0.000,1.400,0.527,510,0.000,0.402
1419,Forbidden Ancient,0.000,1.200,0.436,510,0.000,0.419
1420,Sudden Genesis,0.001,1.500,0.374,510,0.000,0.570
1421,Recombobulator,0.000,1.500,0.434,500,0.000,0.424
1422,Blood Witch,0.000,1.400,0.486,500,0.000,0.404
1423,Shado-Pan Rider,0.000,1.700,0.389,490,0.000,0.359
1424,Druid of the Fang,0.000,1.600,0.459,490,0.000,0.421
1425,One-eyed Cheat,0.000,1.600,0.492,490,0.000,0.424
1426,Madam Goya,0.000,1.000,0.461,490,0.000,0.435
1427,Master Jouster,0.000,1.100,0.500,490,0.000,0.413
1428,Mekgineer Thermaplugg,0.000,1.000,0.443,480,0.000,0.462
1429,Nerub'ar Weblord,0.000,1.700,0.454,480,0.000,0.385
1430,Sabretooth Stalker,0.000,1.100,0.434,480,0.000,0.373
1431,Ironforge Rifleman,0.000,1.600,0.200,480,0.000,0.237
1432,Celestial Dreamer,0.000,1.200,0.517,480,0.000,0.466
1433,Anub'ar Ambusher,0.000,1.400,0.409,480,0.000,0.382
1434,Sunborne Val'kyr,0.000,1.500,0.518,480,0.000,0.401
1435,Gazlowe,0.000,1.000,0.500,470,0.000,0.417
1436,Bone Baron,0.000,1.500,0.438,470,0.000,0.386
1437,Kobold Barbarian,0.000,1.400,0.508,470,0.000,0.378
1438,The Boogeymonster,0.000,1.000,0.531,470,0.000,0.419
1439,Dalaran Mage,0.000,1.700,0.226,460,0.000,0.260
1440,Kobold Monk,0.000,1.100,0.444,460,0.000,0.301
1441,Priestess of Elune,0.000,1.100,0.384,460,0.000,0.291
1442,Crush,0.000,1.300,0.449,460,0.000,0.440
1443,Arrogant Crusader,0.000,1.400,0.481,460,0.000,0.388
1444,Necrotic Geist,0.000,1.100,0.464,460,0.000,0.346
1445,Recycle,0.000,1.200,0.396,450,0.000,0.462
1446,Frozen Crusher,0.000,1.300,0.443,440,0.000,0.418
1447,Void Crusher,0.000,1.000,0.440,440,0.000,0.364
1448,Silvermoon Guardian,0.000,1.500,0.454,430,0.000,0.287
1449,Grave Shambler,0.000,1.600,0.336,430,0.000,0.363
1450,Backstreet Leper,0.000,1.800,0.518,430,0.000,0.368
1451,Explore Un'Goro,0.000,1.300,0.392,430,0.000,0.350
1452,Grimestreet Pawnbroker,0.000,1.600,0.381,430,0.000,0.416
1453,Acidmaw,0.000,1.000,0.383,430,0.000,0.396
1454,Seal of Light,0.000,1.800,0.539,430,0.000,0.407
1455,Lance Carrier,0.000,1.600,0.539,420,0.000,0.422
1456,Kidnapper,0.000,1.500,0.454,420,0.000,0.410
1457,Spiteful Smith,0.000,1.300,0.402,420,0.000,0.302
1458,Dunemaul Shaman,0.000,1.300,0.388,420,0.000,0.458
1459,Mech-Bear-Cat,0.000,1.300,0.318,410,0.000,0.444
1460,Hammer of Twilight,0.000,1.100,0.583,410,0.000,0.483
1461,Luckydo Buccaneer,0.000,1.100,0.456,410,0.000,0.405
1462,Hemet Nesingwary,0.000,1.000,0.438,410,0.000,0.419
1463,Jungle Moonkin,0.000,1.600,0.604,400,0.000,0.387
1464,Brass Knuckles,0.000,1.300,0.313,400,0.000,0.330
1465,Splitting Festeroot,0.002,1.600,0.183,400,0.000,0.426
1466,Tuskarr Jouster,0.000,1.200,0.547,400,0.000,0.400
1467,Tomb Lurker,0.000,1.200,0.431,390,0.000,0.446
1468,Shadow Rager,0.000,1.500,0.404,390,0.000,0.338
1469,Wildwalker,0.000,1.700,0.480,390,0.000,0.460
1470,Upgraded Repair Bot,0.000,1.700,0.344,390,0.000,0.476
1471,Mayor Noggenfogger,0.000,1.000,0.467,380,0.000,0.308
1472,Duskfallen Aviana,0.000,1.000,0.365,380,0.000,0.325
1473,Virmen Sensei,0.000,1.600,0.477,380,0.000,0.480
1474,Lotus Illusionist,0.000,1.200,0.477,380,0.000,0.433
1475,Furbolg Mossbinder,0.000,1.200,0.396,370,0.000,0.364
1476,Duskboar,0.000,1.300,0.448,370,0.000,0.362
1477,Rattling Rascal,0.000,1.200,0.470,370,0.000,0.426
1478,Savagery,0.000,1.700,0.125,370,0.000,0.354
1479,Light's Champion,0.001,1.000,0.587,370,0.000,0.430
1480,Grand Crusader,0.000,1.300,0.363,360,0.000,0.407
1481,Cho'gall,0.000,1.000,0.526,360,0.000,0.437
1482,Tortollan Primalist,0.000,1.100,0.449,360,0.000,0.395
1483,Warsong Commander,0.000,1.800,0.299,360,0.000,0.249
1484,Stonesplinter Trogg,0.000,1.300,0.326,350,0.000,0.323
1485,Charge,0.000,1.600,0.217,350,0.000,0.277
1486,Ancient Mage,0.000,1.400,0.398,350,0.000,0.403
1487,Windshear Stormcaller,0.000,1.200,0.485,350,0.000,0.424
1488,Lost Tallstrider,0.000,1.600,0.567,330,0.000,0.392
1489,Fel Cannon,0.000,1.100,0.363,330,0.000,0.315
1490,Wee Spellstopper,0.000,1.100,0.615,330,0.000,0.463
1491,Ancient Harbinger,0.000,1.000,0.436,330,0.000,0.383
1492,Lotus Assassin,0.000,1.000,0.548,330,0.000,0.413
1493,Maiden of the Lake,0.000,1.200,0.207,330,0.000,0.347
1494,Mana Wraith,0.000,1.400,0.467,320,0.000,0.375
1495,Grotesque Dragonhawk,0.000,1.000,0.396,320,0.000,0.337
1496,Deadly Arsenal,0.000,1.500,0.363,310,0.000,0.281
1497,Thrallmar Farseer,0.000,1.100,0.427,310,0.000,0.301
1498,Ultrasaur,0.000,1.200,0.469,310,0.000,0.354
1499,Knight of the Wild,0.000,1.400,0.451,310,0.000,0.428
1500,Force-Tank MAX,0.000,1.400,0.469,300,0.000,0.430
1501,Moorabi,0.000,1.000,0.441,300,0.000,0.412
1502,Ogre Brute,0.000,1.300,0.393,300,0.000,0.363
1503,Dark Bargain,0.000,1.200,0.479,300,0.000,0.290
1504,Silent Knight,0.000,1.800,0.517,300,0.000,0.410
1505,Sideshow Spelleater,0.001,1.000,0.421,290,0.000,0.440
1506,Night Howler,0.000,1.200,0.358,290,0.000,0.299
1507,Burly Rockjaw Trogg,0.000,1.300,0.373,290,0.000,0.340
1508,Twisted Worgen,0.000,1.300,0.444,280,0.000,0.348
1509,Ice Breaker,0.000,1.600,0.393,280,0.000,0.301
1510,Goblin Sapper,0.000,1.500,0.524,280,0.000,0.458
1511,Hyldnir Frostrider,0.000,1.200,0.482,280,0.000,0.361
1512,Master of Disguise,0.000,1.300,0.423,280,0.000,0.436
1513,Wobbling Runts,0.000,1.100,0.461,280,0.000,0.463
1514,Siege Engine,0.000,1.500,0.409,280,0.000,0.402
1515,Ogre Ninja,0.000,1.100,0.701,280,0.000,0.518
1516,Dragonhawk Rider,0.000,1.800,0.585,270,0.000,0.455
1517,Nerubian Unraveler,0.000,1.200,0.449,270,0.000,0.563
1518,Stablemaster,0.000,1.100,0.111,270,0.000,0.440
1519,Argent Lance,0.000,1.600,0.556,270,0.000,0.410
1520,Metaltooth Leaper,0.000,1.900,0.486,270,0.000,0.478
1521,Ogre Warmaul,0.000,1.800,0.346,260,0.000,0.335
1522,Orgrimmar Aspirant,0.000,1.500,0.377,250,0.000,0.385
1523,Shadow Sensei,0.000,2.000,0.526,250,0.000,0.402
1524,Darkmire Moonkin,0.000,1.300,0.391,240,0.000,0.364
1525,Madder Bomber,0.000,1.300,0.500,240,0.000,0.402
1526,Blackwater Pirate,0.000,1.300,0.457,240,0.000,0.309
1527,Flying Machine,0.000,1.300,0.465,240,0.000,0.407
1528,Windfury Harpy,0.000,1.200,0.551,240,0.000,0.333
1529,Death Revenant,0.000,1.200,0.280,240,0.000,0.388
1530,Screwjank Clunker,0.000,1.700,0.494,230,0.000,0.502
1531,Gadgetzan Socialite,0.000,1.200,0.397,230,0.000,0.309
1532,Light's Sorrow,0.000,1.300,0.516,220,0.000,0.373
1533,Venomancer,0.000,1.100,0.323,220,0.000,0.243
1534,Spectral Knight,0.000,1.500,0.393,220,0.000,0.387
1535,Wailing Soul,0.000,1.900,0.432,220,0.000,0.457
1536,Gilblin Stalker,0.000,1.200,0.449,220,0.000,0.299
1537,Toothy Chest,0.000,1.100,0.400,210,0.000,0.264
1538,Scarlet Purifier,0.000,1.100,0.455,210,0.000,0.448
1539,Cobalt Guardian,0.000,1.400,0.500,210,0.000,0.481
1540,Blubber Baron,0.000,1.100,0.459,200,0.000,0.375
1541,Captured Jormungar,0.000,1.100,0.318,200,0.000,0.369
1542,Spectral Pillager,0.000,1.400,0.333,190,0.000,0.455
1543,Cogmaster's Wrench,0.000,1.200,0.667,190,0.000,0.348
1544,Worgen Abomination,0.000,1.200,0.379,190,0.000,0.325
1545,Argent Watchman,0.000,1.700,0.367,190,0.000,0.340
1546,Poisoned Blade,0.000,1.000,0.294,190,0.000,0.342
1547,Validated Doomsayer,0.000,1.200,0.333,180,0.000,0.339
1548,Tentacles for Arms,0.000,1.100,0.314,180,0.000,0.446
1549,Ravenholdt Assassin,0.000,1.400,0.333,180,0.000,0.297
1550,Aberrant Berserker,0.000,1.300,0.391,180,0.000,0.257
1551,Fight Promoter,0.000,1.100,0.491,180,0.000,0.505
1552,Deathaxe Punisher,0.000,1.600,0.442,180,0.000,0.451
1553,Ticking Abomination,0.000,1.100,0.400,170,0.000,0.341
1554,Spellweaver,0.000,1.200,0.354,170,0.000,0.326
1555,Junkbot,0.000,1.400,0.375,170,0.000,0.414
1556,Hozen Healer,0.000,1.500,0.403,170,0.000,0.364
1557,War Golem,0.000,1.300,0.211,170,0.000,0.250
1558,Anima Golem,0.000,1.000,0.480,170,0.000,0.360
1559,Frigid Snobold,0.000,1.400,0.467,160,0.000,0.405
1560,Salty Dog,0.000,1.500,0.400,160,0.000,0.347
1561,Venture Co. Mercenary,0.000,1.300,0.359,160,0.000,0.340
1562,Magnataur Alpha,0.000,1.000,0.500,160,0.000,0.444
1563,Toxic Sewer Ooze,0.000,1.400,0.341,150,0.000,0.372
1564,Kooky Chemist,0.000,1.100,0.541,150,0.000,0.497
1565,Arcane Golem,0.000,1.300,0.203,150,0.000,0.431
1566,Sea Reaver,0.000,1.600,0.182,150,0.000,0.547
1567,Piranha Launcher,0.000,1.000,0.394,140,0.000,0.432
1568,Defias Cleaner,0.000,1.000,0.520,140,0.000,0.451
1569,Ancient Shade,0.000,1.400,0.400,140,0.000,0.437
1570,Crowd Favorite,0.000,1.100,0.444,140,0.000,0.407
1571,Wicked Skeleton,0.000,1.300,0.333,130,0.000,0.348
1572,Stoneskin Gargoyle,0.000,1.400,0.444,130,0.000,0.303
1573,Grook Fu Master,0.000,1.100,0.435,120,0.000,0.402
1574,Master of Ceremonies,0.000,1.700,0.451,120,0.000,0.410
1575,Furnacefire Colossus,0.000,1.100,0.416,110,0.000,0.513
1576,Fossilized Devilsaur,0.000,1.600,0.480,110,0.000,0.410
1577,Faceless Behemoth,0.000,1.200,0.354,110,0.000,0.419
1578,Wind-up Burglebot,0.000,1.200,0.300,110,0.000,0.310
1579,Eldritch Horror,0.000,1.400,0.154,110,0.000,0.426
1580,Gnomish Experimenter,0.000,1.600,0.250,100,0.000,0.355
1581,Pit Fighter,0.000,1.700,0.313,100,0.000,0.350
1582,Worgen Greaser,0.000,1.300,0.385,100,0.000,0.485
1583,Recruiter,0.000,1.100,0.442,86,0.000,0.488
1584,Backroom Bouncer,0.000,1.000,0.593,82,0.000,0.329
1585,Fel Orc Soulfiend,0.000,1.500,0.364,76,0.000,0.434
1586,Darkspeaker,0.000,1.000,0.286,72,0.000,0.347
1587,Mini-Mage,0.000,1.000,0.316,70,0.000,0.271
1588,Am'gam Rager,0.000,1.500,0.250,70,0.000,0.429
1589,Keening Banshee,0.000,1.100,0.119,69,0.000,0.362
1590,Streetwise Investigator,0.000,1.300,0.000,66,0.000,0.379
1591,Mogor's Champion,0.000,1.100,0.294,63,0.000,0.349
1592,Tanaris Hogchopper,0.000,1.000,0.308,54,0.000,0.333
